"site","subsite","spp","ind","leaf_type","height","leaf_size","lma","stem_density_25","stem_density_100","segment","length","xsa","mass_stem_main","mass_stem_side","mass_stem_total","mass_leaf_main","mass_leaf_side","mass_leaf_total","area_leaf_main","area_leaf_side","area_leaf_total","number_leaf_main","number_leaf_total","main_leaf_mass_per_length","main_stem_mass_per_length","main_all_mass_per_length","total_leaf_mass_per_length","total_stem_mass_per_length","total_all_mass_per_length","main_leaf_area_per_length","total_area_per_length","leaf_no_per_length","main_LMF","total_LMF","main_LAR","total_LAR"
"daintree","mt edith","acacel",1,"simple",12.84,3603,0.0001521,0.4829,"4.3098E-01","0",0,"2.1991E+00",0,0,0,0,0,0,0,0,0,0,0,NA,NA,NA,NA,NA,NA,NA,NA,NA,NA,NA,NA,NA
"daintree","mt edith","acacel",1,"simple",12.84,3603,0.0001521,0.4829,"4.3098E-01","a",320,"6.1261E+00",0.5539,0,0.5539,1.82,0,1.82,11968,0,11968,3.3214,3.3214,0.0056875,0.0017309,0.0074184,0.0056875,0.0017309,0.0074184,37.4,37.4,0.010379,0.76667,0.76667,5041.5,5041.5
"daintree","mt edith","acacel",1,"simple",12.84,3603,0.0001521,0.4829,"4.3098E-01","e",1000,"1.0292E+02",17.47,37.337,54.807,9.372,69.825,79.197,61629,459160,520790,17.103,144.53,0.009372,0.01747,0.026842,0.079197,0.054807,0.134,61.629,520.79,0.017103,0.34915,0.59101,2296,3886.3
"daintree","k-tree","acacel",2,"simple",10.26,2289,0.0001358,0.47958,"5.5768E-01","0",0,"3.0631E+00",0,0,0,0,0,0,0,0,0,0,0,NA,NA,NA,NA,NA,NA,NA,NA,NA,NA,NA,NA,NA
"daintree","k-tree","acacel",2,"simple",10.26,2289,0.0001358,0.47958,"5.5768E-01","a",130,"7.9168E+00",0.2581,0.0932,0.3513,0.5134,3.886,4.3994,3779.7,28609,32389,1.651,14.147,0.0039492,0.0019854,0.0059346,0.033842,0.0027023,0.036544,29.075,249.14,0.0127,0.66546,0.92605,4899.2,6817.7
"daintree","k-tree","acacel",2,"simple",10.26,2289,0.0001358,0.47958,"5.5768E-01","e",1000,"1.4903E+02",18.979,30.51,49.489,7.7215,72.748,80.469,56846,535580,592420,24.831,258.77,0.0077215,0.018979,0.0267,0.080469,0.049489,0.12996,56.846,592.42,0.024831,0.28919,0.61919,2129.1,4558.6
"daintree","robson","acacel",3,"simple",8.47,2465,0.0001482,0.42295,"4.6443E-01","0",0,"4.5239E+00",0,0,0,0,0,0,0,0,0,0,0,NA,NA,NA,NA,NA,NA,NA,NA,NA,NA,NA,NA,NA
"daintree","robson","acacel",3,"simple",8.47,2465,0.0001482,0.42295,"4.6443E-01","a",210,"1.1545E+01",0.6849,0,0.6849,3.6969,0,3.6969,24950,0,24950,10.12,10.12,0.017604,0.0032614,0.020866,0.017604,0.0032614,0.020866,118.81,118.81,0.048191,0.84369,0.84369,5693.9,5693.9
"daintree","robson","acacel",3,"simple",8.47,2465,0.0001482,0.42295,"4.6443E-01","e",1000,"1.8435E+02",31.876,73.958,105.83,5.1154,124.94,130.05,34523,843170,877700,14.003,356.02,0.0051154,0.031876,0.036991,0.13005,0.10583,0.23589,34.523,877.7,0.014003,0.13829,0.55133,933.27,3720.8
"daintree","crane","acmgra",1,"simple",NA,7428,0.0001535,0.51914,"5.6323E-01","0",0,"9.8960E+00",0,0,0,0,0,0,0,0,0,0,0,NA,NA,NA,NA,NA,NA,NA,NA,NA,NA,NA,NA,NA
"daintree","crane","acmgra",1,"simple",NA,7428,0.0001535,0.51914,"5.6323E-01","a",190,"2.7332E+01",4.036,0,4.036,8.329,0,8.329,54257,0,54257,7.304,7.304,0.043837,0.021242,0.065079,0.043837,0.021242,0.065079,285.56,285.56,0.038442,0.67359,0.67359,4387.9,4387.9
"daintree","crane","acmgra",1,"simple",NA,7428,0.0001535,0.51914,"5.6323E-01","e",1000,"2.5977E+02",76.64,139.01,215.65,12.833,217.88,230.71,83596,1419300,1502900,11.254,202.32,0.012833,0.07664,0.089473,0.23071,0.21565,0.44636,83.596,1502.9,0.011254,0.14343,0.51687,934.32,3367
"daintree","crane","acmgra",2,"simple",NA,3981,0.0001522,0.58494,"5.9048E-01","0",0,"4.7831E+00",0,0,0,0,0,0,0,0,0,0,0,NA,NA,NA,NA,NA,NA,NA,NA,NA,NA,NA,NA,NA
"daintree","crane","acmgra",2,"simple",NA,3981,0.0001522,0.58494,"5.9048E-01","a",185,"1.3509E+01",1.0538,0,1.0538,3.501,0,3.501,23005,0,23005,5.7791,5.7791,0.018924,0.0056962,0.024621,0.018924,0.0056962,0.024621,124.35,124.35,0.031239,0.76864,0.76864,5050.7,5050.7
"daintree","crane","acmgra",2,"simple",NA,3981,0.0001522,0.58494,"5.9048E-01","e",1000,"4.7909E+02",94.191,241.26,335.45,5.313,321.11,326.42,34911,2110000,2144900,8.7702,538.83,0.005313,0.094191,0.099504,0.32642,0.33545,0.66187,34.911,2144.9,0.0087702,0.053395,0.49318,350.85,3240.7
"daintree","crane","acmgra",3,"simple",NA,4328,0.0001459,0.51086,"5.4874E-01","0",0,"6.6759E+00",0,0,0,0,0,0,0,0,0,0,0,NA,NA,NA,NA,NA,NA,NA,NA,NA,NA,NA,NA,NA
"daintree","crane","acmgra",3,"simple",NA,4328,0.0001459,0.51086,"5.4874E-01","a",220,"2.2462E+01",1.628,0,1.628,3.8142,0,3.8142,26144,0,26144,6.0404,6.0404,0.017337,0.0074,0.024737,0.017337,0.0074,0.024737,118.84,118.84,0.027456,0.70086,0.70086,4804,4804
"daintree","crane","acmgra",3,"simple",NA,4328,0.0001459,0.51086,"5.4874E-01","e",1000,"3.0591E+02",82.641,144.24,226.88,10.274,219.78,230.06,70424,1506500,1576900,16.271,364.33,0.010274,0.082641,0.092915,0.23006,0.22688,0.45694,70.424,1576.9,0.016271,0.11058,0.50347,757.94,3451
"daintree","mt edith","acraci",1,"simple",8.5,14720,9.445e-05,0.38042,"5.2931E-01","0",0,"2.3373E+01",0,0,0,0,0,0,0,0,0,0,0,NA,NA,NA,NA,NA,NA,NA,NA,NA,NA,NA,NA,NA
"daintree","mt edith","acraci",1,"simple",8.5,14720,9.445e-05,0.38042,"5.2931E-01","a",125,"3.9820E+01",1.9158,2.2581,4.1739,9.6074,8.53,18.137,101720,90315,192040,6.9111,13.047,0.076859,0.015326,0.092186,0.1451,0.033391,0.17849,813.78,1536.3,0.055289,0.83374,0.81292,8827.6,8607.2
"daintree","mt edith","acraci",1,"simple",8.5,14720,9.445e-05,0.38042,"5.2931E-01","e",1000,"1.8857E+02",63.585,37.192,100.78,9.6074,85.735,95.342,101720,907760,1009500,6.9111,68.585,0.0096074,0.063585,0.073192,0.095342,0.10078,0.19612,101.72,1009.5,0.0069111,0.13126,0.48614,1389.8,5147.3
"daintree","kauri","acraci",2,"simple",14.19,14940,8.785e-05,0.3835,"5.0503E-01","0",0,"1.4239E+01",0,0,0,0,0,0,0,0,0,0,0,NA,NA,NA,NA,NA,NA,NA,NA,NA,NA,NA,NA,NA
"daintree","kauri","acraci",2,"simple",14.19,14940,8.785e-05,0.3835,"5.0503E-01","a",95,"2.1991E+01",0.7435,0,0.7435,9.9425,0,9.9425,113170,0,113170,7.5752,7.5752,0.10466,0.0078263,0.11248,0.10466,0.0078263,0.11248,1191.3,1191.3,0.079739,0.93042,0.93042,10591,10591
"daintree","kauri","acraci",2,"simple",14.19,14940,8.785e-05,0.3835,"5.0503E-01","e",1000,"2.0199E+02",54.875,69.563,124.44,21.217,152.65,173.87,241510,1737500,1979000,16.166,132.47,0.021217,0.054875,0.076092,0.17387,0.12444,0.2983,241.51,1979,0.016166,0.27884,0.58285,3173.9,6634.3
"daintree","mt baldy","acraci",3,"simple",15.8,13250,7.234e-05,0.215,"4.5640E-01","0",0,"2.1991E+01",0,0,0,0,0,0,0,0,0,0,0,NA,NA,NA,NA,NA,NA,NA,NA,NA,NA,NA,NA,NA
"daintree","mt baldy","acraci",3,"simple",15.8,13250,7.234e-05,0.215,"4.5640E-01","a",125,"1.2494E+01",0.7205,0,0.7205,3.73,0,3.73,51562,0,51562,3.8922,3.8922,0.02984,0.005764,0.035604,0.02984,0.005764,0.035604,412.49,412.49,0.031137,0.83811,0.83811,11586,11586
"daintree","mt baldy","acraci",3,"simple",15.8,13250,7.234e-05,0.215,"4.5640E-01","e",1000,"1.3988E+02",29.048,29.136,58.184,19.134,67.828,86.962,264500,937620,1202100,19.966,90.743,0.019134,0.029048,0.048182,0.086962,0.058184,0.14515,264.5,1202.1,0.019966,0.39712,0.59913,5489.5,8282.1
"daintree","mt edith","aleroc",1,"simple",14.5,34530,0.0001235,0.20422,"2.8992E-01","0",0,"2.9688E+01",0,0,0,0,0,0,0,0,0,0,0,NA,NA,NA,NA,NA,NA,NA,NA,NA,NA,NA,NA,NA
"daintree","mt edith","aleroc",1,"simple",14.5,34530,0.0001235,0.20422,"2.8992E-01","a",125,"1.0367E+02",1.875,0,1.875,19.954,0,19.954,161590,0,161590,4.6804,4.6804,0.15963,0.015,0.17463,0.15963,0.015,0.17463,1292.8,1292.8,0.037443,0.91411,0.91411,7402.8,7402.8
"daintree","mt edith","aleroc",1,"simple",14.5,34530,0.0001235,0.20422,"2.8992E-01","e",1000,"2.3772E+02",44.627,0,44.627,125.57,0,125.57,1016900,0,1016900,29.453,29.453,0.12557,0.044627,0.1702,0.12557,0.044627,0.1702,1016.9,1016.9,0.029453,0.73779,0.73779,5974.9,5974.9
"daintree","mt edith","aleroc",2,"simple",9.09,91720,0.0001076,0.1738,"2.3806E-01","0",0,"6.8330E+01",0,0,0,0,0,0,0,0,0,0,0,NA,NA,NA,NA,NA,NA,NA,NA,NA,NA,NA,NA,NA
"daintree","mt edith","aleroc",2,"simple",9.09,91720,0.0001076,0.1738,"2.3806E-01","a",125,"2.4300E+02",9.097,0,9.097,32.085,0,32.085,298060,0,298060,3.2496,3.2496,0.25668,0.072776,0.32946,0.25668,0.072776,0.32946,2384.5,2384.5,0.025997,0.7791,0.7791,7237.6,7237.6
"daintree","mt edith","aleroc",2,"simple",9.09,91720,0.0001076,0.1738,"2.3806E-01","e",1000,"4.6374E+02",87.899,0,87.899,174.68,0,174.68,1622700,0,1622700,17.692,17.692,0.17468,0.087899,0.26258,0.17468,0.087899,0.26258,1622.7,1622.7,0.017692,0.66525,0.66525,6179.9,6179.9
"daintree","mt edith","aleroc",3,"simple",9.5,95700,0.0001076,0.18133,"2.6621E-01","0",0,"4.6566E+01",0,0,0,0,0,0,0,0,0,0,0,NA,NA,NA,NA,NA,NA,NA,NA,NA,NA,NA,NA,NA
"daintree","mt edith","aleroc",3,"simple",9.5,95700,0.0001076,0.18133,"2.6621E-01","a",125,"1.4448E+02",2.4879,2.196,4.6839,26.705,60.253,86.958,248120,559810,807930,2.5926,8.442,0.21364,0.019903,0.23354,0.69566,0.037471,0.73314,1984.9,6463.4,0.02074,0.91478,0.94889,8499.2,8816.2
"daintree","mt edith","aleroc",3,"simple",9.5,95700,0.0001076,0.18133,"2.6621E-01","e",1000,"4.3374E+02",66.186,4.962,71.148,244.1,68.618,312.71,2267900,637530,2905400,23.697,30.359,0.2441,0.066186,0.31028,0.31271,0.071148,0.38386,2267.9,2905.4,0.023697,0.78669,0.81465,7309.2,7569
"daintree","k-tree","alppet",1,"simple",8.75,5458,0.0001385,0.35577,"4.3671E-01","0",0,"5.4978E+00",0,0,0,0,0,0,0,0,0,0,0,NA,NA,NA,NA,NA,NA,NA,NA,NA,NA,NA,NA,NA
"daintree","k-tree","alppet",1,"simple",8.75,5458,0.0001385,0.35577,"4.3671E-01","a",115,"1.3132E+01",0.4322,0,0.4322,4.222,0,4.222,30491,0,30491,5.5861,5.5861,0.036713,0.0037583,0.040471,0.036713,0.0037583,0.040471,265.14,265.14,0.048575,0.90714,0.90714,6551.3,6551.3
"daintree","k-tree","alppet",1,"simple",8.75,5458,0.0001385,0.35577,"4.3671E-01","e",1000,"1.1019E+02",21.095,12.848,33.943,10.381,36.603,46.983,74968,264340,339310,13.735,62.164,0.010381,0.021095,0.031476,0.046983,0.033943,0.080926,74.968,339.31,0.013735,0.3298,0.58057,2381.8,4192.8
"daintree","k-tree","alppet",2,"simple",6.8,6498,0.0001552,0.41752,"4.2667E-01","0",0,"7.4220E+00",0,0,0,0,0,0,0,0,0,0,0,NA,NA,NA,NA,NA,NA,NA,NA,NA,NA,NA,NA,NA
"daintree","k-tree","alppet",2,"simple",6.8,6498,0.0001552,0.41752,"4.2667E-01","a",135,"1.6493E+01",0.701,0,0.701,6.2245,0,6.2245,40095,0,40095,6.17,6.17,0.046107,0.0051926,0.0513,0.046107,0.0051926,0.0513,297,297,0.045704,0.89878,0.89878,5789.4,5789.4
"daintree","k-tree","alppet",2,"simple",6.8,6498,0.0001552,0.41752,"4.2667E-01","e",1000,"1.6742E+02",33.426,30.299,63.725,13.135,86.69,99.825,84610,558410,643020,13.02,98.951,0.013135,0.033426,0.046561,0.099825,0.063725,0.16355,84.61,643.02,0.01302,0.28211,0.61037,1817.2,3931.6
"daintree","k-tree","alppet",3,"simple",8.72,8503,0.0001533,0.35627,"4.0928E-01","0",0,"9.0792E+00",0,0,0,0,0,0,0,0,0,0,0,NA,NA,NA,NA,NA,NA,NA,NA,NA,NA,NA,NA,NA
"daintree","k-tree","alppet",3,"simple",8.72,8503,0.0001533,0.35627,"4.0928E-01","a",130,"1.7624E+01",0.722,0.1031,0.8251,7.0972,0.5935,7.6907,46302,3872,50174,5.4451,5.9005,0.054594,0.0055538,0.060148,0.059159,0.0063469,0.065506,356.17,385.95,0.041886,0.90766,0.90311,5921.6,5891.9
"daintree","k-tree","alppet",3,"simple",8.72,8503,0.0001533,0.35627,"4.0928E-01","e",1000,"1.4805E+02",29.934,17.128,47.063,18.947,65.359,84.306,123610,426400,550010,14.537,64.681,0.018947,0.029934,0.048882,0.084306,0.047063,0.13137,123.61,550.01,0.014537,0.38761,0.64175,2528.8,4186.8
"daintree",NA,"alssch",1,"simple",NA,6252,0.0001107,0.26081,"3.1573E-01","0",0,"5.0847E+01",0,0,0,0,0,0,0,0,0,0,0,NA,NA,NA,NA,NA,NA,NA,NA,NA,NA,NA,NA,NA
"daintree",NA,"alssch",1,"simple",NA,6252,0.0001107,0.26081,"3.1573E-01","a",190,"3.6285E+01",1.445,0,1.445,4.6336,0,4.6336,41851,0,41851,6.694,6.694,0.024387,0.0076053,0.031993,0.024387,0.0076053,0.031993,220.27,220.27,0.035232,0.76228,0.76228,6885,6885
"daintree",NA,"alssch",1,"simple",NA,6252,0.0001107,0.26081,"3.1573E-01","e",1000,"2.4593E+02",43.213,35.61,78.823,8.7464,78.461,87.207,78998,708670,787660,12.636,125.99,0.0087464,0.043213,0.05196,0.087207,0.078823,0.16603,78.998,787.66,0.012636,0.16833,0.52525,1520.4,4744.1
"daintree",NA,"alssch",2,"simple",NA,6591,0.0001089,0.26303,"3.6091E-01","0",0,"3.1667E+01",0,0,0,0,0,0,0,0,0,0,0,NA,NA,NA,NA,NA,NA,NA,NA,NA,NA,NA,NA,NA
"daintree",NA,"alssch",2,"simple",NA,6591,0.0001089,0.26303,"3.6091E-01","a",125,"2.7709E+01",0.8029,0,0.8029,6.5627,0,6.5627,60277,0,60277,9.1458,9.1458,0.052502,0.0064232,0.058925,0.052502,0.0064232,0.058925,482.21,482.21,0.073166,0.89099,0.89099,8183.5,8183.5
"daintree",NA,"alssch",2,"simple",NA,6591,0.0001089,0.26303,"3.6091E-01","e",1000,"3.6136E+02",55.695,48.576,104.27,18.909,112.1,131,173670,1029600,1203200,26.351,182.57,0.018909,0.055695,0.074604,0.131,0.10427,0.23527,173.67,1203.2,0.026351,0.25345,0.55681,2327.9,5114.2
"daintree",NA,"alssch",3,"simple",NA,5704,0.0001022,0.30707,"3.5234E-01","0",0,"2.0829E+01",0,0,0,0,0,0,0,0,0,0,0,NA,NA,NA,NA,NA,NA,NA,NA,NA,NA,NA,NA,NA
"daintree",NA,"alssch",3,"simple",NA,5704,0.0001022,0.30707,"3.5234E-01","a",150,"1.9242E+01",0.8124,0,0.8124,3.301,0,3.301,32297,0,32297,5.6621,5.6621,0.022007,0.005416,0.027423,0.022007,0.005416,0.027423,215.31,215.31,0.037747,0.8025,0.8025,7851.6,7851.6
"daintree",NA,"alssch",3,"simple",NA,5704,0.0001022,0.30707,"3.5234E-01","e",1000,"2.5023E+02",50.345,42.213,92.558,3.301,68.02,71.321,32297,665500,697800,5.6621,122.33,0.003301,0.050345,0.053646,0.071321,0.092558,0.16388,32.297,697.8,0.0056621,0.061533,0.4352,602.03,4258
"daintree","crane","argper",1,"compound",NA,3930,0.0002796,0.5626,"6.6108E-01","0",0,"2.0232E+01",0,0,0,0,0,0,0,0,0,0,0,NA,NA,NA,NA,NA,NA,NA,NA,NA,NA,NA,NA,NA
"daintree","crane","argper",1,"compound",NA,3930,0.0002796,0.5626,"6.6108E-01","a",180,"4.2380E+01",4.748,1.1275,5.8755,14.048,7.1888,21.237,50245,25712,75957,12.785,19.327,0.078046,0.026378,0.10442,0.11798,0.032642,0.15063,279.14,421.98,0.071026,0.7474,0.78329,2673.1,2801.5
"daintree","crane","argper",1,"compound",NA,3930,0.0002796,0.5626,"6.6108E-01","e",1000,"6.8074E+02",115.97,363.39,479.36,14.926,500.54,515.47,53383,1790200,1843600,13.583,469.1,0.014926,0.11597,0.13089,0.51547,0.47936,0.99483,53.383,1843.6,0.013583,0.11403,0.51815,407.84,1853.2
"daintree","crane","argper",2,"compound",NA,3669,0.0002663,0.54718,"6.6577E-01","0",0,"2.0106E+00",0,0,0,0,0,0,0,0,0,0,0,NA,NA,NA,NA,NA,NA,NA,NA,NA,NA,NA,NA,NA
"daintree","crane","argper",2,"compound",NA,3669,0.0002663,0.54718,"6.6577E-01","a",190,"1.8473E+01",1.5629,0.2312,1.7941,5.9302,0.7467,6.6769,22272,2804.4,25077,6.0706,6.8349,0.031212,0.0082258,0.039437,0.035142,0.0094426,0.044584,117.22,131.98,0.03195,0.79142,0.78821,2972.4,2960.3
"daintree","crane","argper",2,"compound",NA,3669,0.0002663,0.54718,"6.6577E-01","e",1000,"2.2429E+02",62.87,37.538,100.41,23.629,93.552,117.18,88742,351350,440100,24.188,119.95,0.023629,0.06287,0.086499,0.11718,0.10041,0.21759,88.742,440.1,0.024188,0.27317,0.53854,1025.9,2022.6
"daintree","crane","argper",3,"compound",NA,19060,0.0002113,0.45826,"6.3381E-01","0",0,"9.8960E+00",0,0,0,0,0,0,0,0,0,0,0,NA,NA,NA,NA,NA,NA,NA,NA,NA,NA,NA,NA,NA
"daintree","crane","argper",3,"compound",NA,19060,0.0002113,0.45826,"6.3381E-01","a",180,"1.9242E+01",1.4088,0,1.4088,10.124,0,10.124,47913,0,47913,2.5136,2.5136,0.056242,0.0078267,0.064069,0.056242,0.0078267,0.064069,266.19,266.19,0.013964,0.87784,0.87784,4154.7,4154.7
"daintree","crane","argper",3,"compound",NA,19060,0.0002113,0.45826,"6.3381E-01","e",1000,"2.9845E+02",62.238,127.86,190.09,11.425,368.93,380.35,54071,1746100,1800100,2.8366,94.437,0.011425,0.062238,0.073662,0.38035,0.19009,0.57044,54.071,1800.1,0.0028366,0.1551,0.66676,734.04,3155.7
"daintree","oliver","atrhir",1,"simple",1.1,10560,7.455e-05,0.48925,"6.4930E-01","0",0,"7.8775E+00",0,0,0,0,0,0,0,0,0,0,0,NA,NA,NA,NA,NA,NA,NA,NA,NA,NA,NA,NA,NA
"daintree","oliver","atrhir",1,"simple",1.1,10560,7.455e-05,0.48925,"6.4930E-01","a",125,"1.7624E+01",0.9302,0.0587,0.9889,3.7168,0.1516,3.8684,49858,2033.6,51891,4.7205,4.913,0.029734,0.0074416,0.037176,0.030947,0.0079112,0.038858,398.86,415.13,0.037764,0.79983,0.79641,10729,10683
"daintree","oliver","atrhir",1,"simple",1.1,10560,7.455e-05,0.48925,"6.4930E-01","e",1000,"1.5836E+02",51.378,18.735,70.113,9.2088,37.717,46.925,123530,505940,629470,11.696,59.597,0.0092088,0.051378,0.060587,0.046925,0.070113,0.11704,123.53,629.47,0.011696,0.15199,0.40094,2038.9,5378.3
"daintree","oliver","atrhir",2,"simple",1.3,15380,6.911e-05,0.50472,"6.8003E-01","0",0,"2.1410E+01",0,0,0,0,0,0,0,0,0,0,0,NA,NA,NA,NA,NA,NA,NA,NA,NA,NA,NA,NA,NA
"daintree","oliver","atrhir",2,"simple",1.3,15380,6.911e-05,0.50472,"6.8003E-01","a",130,"3.9592E+01",2.0056,0,2.0056,11.024,0,11.024,159510,0,159510,10.373,10.373,0.084802,0.015428,0.10023,0.084802,0.015428,0.10023,1227,1227,0.079794,0.84608,0.84608,12242,12242
"daintree","oliver","atrhir",2,"simple",1.3,15380,6.911e-05,0.50472,"6.8003E-01","e",1000,"9.1538E+01",35.221,11.385,46.605,14.079,18.755,32.834,203700,271360,475070,13.247,30.895,0.014079,0.035221,0.0493,0.032834,0.046605,0.079439,203.7,475.07,0.013247,0.28558,0.41332,4132,5980.3
"daintree","oliver","atrhir",3,"simple",1.3,8184,7.156e-05,0.5559,"6.8270E-01","0",0,"1.1624E+01",0,0,0,0,0,0,0,0,0,0,0,NA,NA,NA,NA,NA,NA,NA,NA,NA,NA,NA,NA,NA
"daintree","oliver","atrhir",3,"simple",1.3,8184,7.156e-05,0.5559,"6.8270E-01","a",195,"2.3562E+01",1.758,0.383,2.141,3.6651,1.2306,4.8957,51218,17197,68416,6.2584,8.3597,0.018795,0.0090154,0.027811,0.025106,0.010979,0.036086,262.66,350.85,0.032094,0.67583,0.69574,9444.5,9722.7
"daintree","oliver","atrhir",3,"simple",1.3,8184,7.156e-05,0.5559,"6.8270E-01","e",1000,"7.0089E+01",29.26,13.878,43.138,3.6651,21.146,24.812,51218,295510,346730,6.2584,42.367,0.0036651,0.02926,0.032925,0.024812,0.043138,0.06795,51.218,346.73,0.0062584,0.11132,0.36514,1555.6,5102.8
"daintree",NA,"bropla",1,"simple",NA,9091,0.0001041,0.35497,"5.5453E-01","0",0,"1.1310E+01",0,0,0,0,0,0,0,0,0,0,0,NA,NA,NA,NA,NA,NA,NA,NA,NA,NA,NA,NA,NA
"daintree",NA,"bropla",1,"simple",NA,9091,0.0001041,0.35497,"5.5453E-01","a",125,"2.1598E+01",0.553,0,0.553,4.4289,0,4.4289,42561,0,42561,4.6819,4.6819,0.035431,0.004424,0.039855,0.035431,0.004424,0.039855,340.49,340.49,0.037455,0.889,0.889,8543.2,8543.2
"daintree",NA,"bropla",1,"simple",NA,9091,0.0001041,0.35497,"5.5453E-01","e",1000,"5.9439E+01",12.929,0,12.929,17.126,0,17.126,164580,0,164580,18.104,18.104,0.017126,0.012929,0.030055,0.017126,0.012929,0.030055,164.58,164.58,0.018104,0.56982,0.56982,5475.9,5475.9
"daintree",NA,"bropla",2,"simple",NA,5220,0.0001049,0.45918,"5.5313E-01","0",0,"6.5973E+00",0,0,0,0,0,0,0,0,0,0,0,NA,NA,NA,NA,NA,NA,NA,NA,NA,NA,NA,NA,NA
"daintree",NA,"bropla",2,"simple",NA,5220,0.0001049,0.45918,"5.5313E-01","a",125,"1.0744E+01",0.5269,0,0.5269,3.637,0,3.637,34682,0,34682,6.6445,6.6445,0.029096,0.0042152,0.033311,0.029096,0.0042152,0.033311,277.46,277.46,0.053156,0.87346,0.87346,8329.3,8329.3
"daintree",NA,"bropla",2,"simple",NA,5220,0.0001049,0.45918,"5.5313E-01","e",1000,"8.6590E+01",23.029,7.753,30.782,9.4549,25.559,35.014,90162,243730,333890,17.273,63.968,0.0094549,0.023029,0.032484,0.035014,0.030782,0.065796,90.162,333.89,0.017273,0.29106,0.53216,2775.6,5074.6
"daintree",NA,"bropla",3,"simple",NA,10350,0.0001104,0.33866,"4.6386E-01","0",0,"1.7067E+01",0,0,0,0,0,0,0,0,0,0,0,NA,NA,NA,NA,NA,NA,NA,NA,NA,NA,NA,NA,NA
"daintree",NA,"bropla",3,"simple",NA,10350,0.0001104,0.33866,"4.6386E-01","a",125,"1.5779E+01",0.4992,0,0.4992,1.5017,0,1.5017,13603,0,13603,1.315,1.315,0.012014,0.0039936,0.016007,0.012014,0.0039936,0.016007,108.83,108.83,0.01052,0.75051,0.75051,6798.6,6798.6
"daintree",NA,"bropla",3,"simple",NA,10350,0.0001104,0.33866,"4.6386E-01","e",1000,"1.2661E+02",29.768,25.276,55.044,25.954,38.398,64.352,235110,347840,582950,22.727,56.351,0.025954,0.029768,0.055723,0.064352,0.055044,0.1194,235.11,582.95,0.022727,0.46578,0.53898,4219.3,4882.5
"daintree","crane","carsub",1,"compound",NA,48550,0.0001605,0.50812,"5.9819E-01","0",0,"1.0053E+01",0,0,0,0,0,0,0,0,0,0,0,NA,NA,NA,NA,NA,NA,NA,NA,NA,NA,NA,NA,NA
"daintree","crane","carsub",1,"compound",NA,48550,0.0001605,0.50812,"5.9819E-01","a",160,"2.9138E+01",1.703,0,1.703,15.836,0,15.836,98671,0,98671,2.0323,2.0323,0.098972,0.010644,0.10962,0.098972,0.010644,0.10962,616.7,616.7,0.012702,0.9029,0.9029,5626,5626
"daintree","crane","carsub",1,"compound",NA,48550,0.0001605,0.50812,"5.9819E-01","e",1000,"2.5579E+02",80.577,37.678,118.25,78.363,211.63,290,488280,1318700,1807000,10.057,37.217,0.078363,0.080577,0.15894,0.29,0.11825,0.40825,488.28,1807,0.010057,0.49304,0.71034,3072.1,4426.1
"daintree","crane","carsub",2,"compound",NA,39880,0.0001413,0.63013,"6.4498E-01","0",0,"1.3744E+01",0,0,0,0,0,0,0,0,0,0,0,NA,NA,NA,NA,NA,NA,NA,NA,NA,NA,NA,NA,NA
"daintree","crane","carsub",2,"compound",NA,39880,0.0001413,0.63013,"6.4498E-01","a",190,"3.3678E+01",2.456,0,2.456,21.845,0,21.845,154650,0,154650,3.8774,3.8774,0.11497,0.012926,0.1279,0.11497,0.012926,0.1279,813.95,813.95,0.020408,0.89893,0.89893,6364.1,6364.1
"daintree","crane","carsub",2,"compound",NA,39880,0.0001413,0.63013,"6.4498E-01","e",1000,"4.3731E+02",128,112.94,240.94,29.459,309.45,338.91,208560,2190800,2399400,5.2291,60.157,0.029459,0.128,0.15746,0.33891,0.24094,0.57985,208.56,2399.4,0.0052291,0.1871,0.58448,1324.6,4137.9
"daintree","crane","carsub",3,"compound",NA,73440,0.000131,0.4336,"5.4353E-01","0",0,"1.2959E+01",0,0,0,0,0,0,0,0,0,0,0,NA,NA,NA,NA,NA,NA,NA,NA,NA,NA,NA,NA,NA
"daintree","crane","carsub",3,"compound",NA,73440,0.000131,0.4336,"5.4353E-01","a",240,"3.2673E+01",2.1705,0,2.1705,21.431,0,21.431,163640,0,163640,2.2282,2.2282,0.089296,0.0090438,0.09834,0.089296,0.0090438,0.09834,681.82,681.82,0.0092842,0.90804,0.90804,6933.3,6933.3
"daintree","crane","carsub",3,"compound",NA,73440,0.000131,0.4336,"5.4353E-01","e",1000,"3.2047E+02",73.804,48.422,122.23,94.136,251.34,345.48,718770,1919100,2637900,9.7874,35.919,0.094136,0.073804,0.16794,0.34548,0.12223,0.4677,718.77,2637.9,0.0097874,0.56053,0.73867,4279.9,5640
"daintree","crane","casaus",1,"compound",NA,25760,0.0001674,0.47224,"5.7184E-01","0",0,"1.4514E+01",0,0,0,0,0,0,0,0,0,0,0,NA,NA,NA,NA,NA,NA,NA,NA,NA,NA,NA,NA,NA
"daintree","crane","casaus",1,"compound",NA,25760,0.0001674,0.47224,"5.7184E-01","a",190,"8.9064E+01",4.86,0,4.86,40.728,0,40.728,243310,0,243310,9.4437,9.4437,0.21436,0.025579,0.23994,0.21436,0.025579,0.23994,1280.6,1280.6,0.049703,0.89339,0.89339,5337.1,5337.1
"daintree","crane","casaus",1,"compound",NA,25760,0.0001674,0.47224,"5.7184E-01","e",1000,"4.5418E+02",152.03,15.002,167.03,326.95,101.64,428.59,1953200,607190,2560400,75.81,99.377,0.32695,0.15203,0.47898,0.42859,0.16703,0.59562,1953.2,2560.4,0.07581,0.6826,0.71957,4077.9,4298.7
"daintree","crane","casaus",2,"compound",NA,67970,0.0001216,0.56346,"6.0337E-01","0",0,"3.2138E+01",0,0,0,0,0,0,0,0,0,0,0,NA,NA,NA,NA,NA,NA,NA,NA,NA,NA,NA,NA,NA
"daintree","crane","casaus",2,"compound",NA,67970,0.0001216,0.56346,"6.0337E-01","a",125,"9.3282E+01",3.898,0,3.898,45.36,0,45.36,372940,0,372940,5.4865,5.4865,0.36288,0.031184,0.39406,0.36288,0.031184,0.39406,2983.5,2983.5,0.043892,0.92087,0.92087,7571.2,7571.2
"daintree","crane","casaus",2,"compound",NA,67970,0.0001216,0.56346,"6.0337E-01","e",1000,"",119.62,24.481,144.1,71.103,103.49,174.59,584600,850890,1435500,8.6003,21.118,0.071103,0.11962,0.19072,0.17459,0.1441,0.3187,584.6,1435.5,0.0086003,0.37281,0.54784,3065.2,4504.3
"daintree","crane","casaus",3,"compound",NA,51420,0.0001304,0.39086,"5.1568E-01","0",0,"1.0179E+01",0,0,0,0,0,0,0,0,0,0,0,NA,NA,NA,NA,NA,NA,NA,NA,NA,NA,NA,NA,NA
"daintree","crane","casaus",3,"compound",NA,51420,0.0001304,0.39086,"5.1568E-01","a",125,"1.2804E+02",2.67,0,2.67,40.005,0,40.005,306760,0,306760,5.9659,5.9659,0.32004,0.02136,0.3414,0.32004,0.02136,0.3414,2454,2454,0.047728,0.93743,0.93743,7188.2,7188.2
"daintree","crane","casaus",3,"compound",NA,51420,0.0001304,0.39086,"5.1568E-01","e",1000,"4.7501E+02",88.724,0,88.724,385.71,0,385.71,2957600,0,2957600,57.52,57.52,0.38571,0.088724,0.47443,0.38571,0.088724,0.47443,2957.6,2957.6,0.05752,0.81299,0.81299,6233.9,6233.9
"daintree","crane","clemyr",1,"simple",NA,4986,7.959e-05,0.39086,"5.3468E-01","0",0,"2.4033E+00",0,0,0,0,0,0,0,0,0,0,0,NA,NA,NA,NA,NA,NA,NA,NA,NA,NA,NA,NA,NA
"daintree","crane","clemyr",1,"simple",NA,4986,7.959e-05,0.39086,"5.3468E-01","a",240,"8.5530E+00",0.5831,0,0.5831,2.8335,0,2.8335,35601,0,35601,7.1403,7.1403,0.011806,0.0024296,0.014236,0.011806,0.0024296,0.014236,148.34,148.34,0.029751,0.82933,0.82933,10420,10420
"daintree","crane","clemyr",1,"simple",NA,4986,7.959e-05,0.39086,"5.3468E-01","e",1000,"8.7415E+01",18.129,19.781,37.91,6.4296,54.431,60.861,80785,683900,764680,16.202,153.37,0.0064296,0.018129,0.024558,0.060861,0.03791,0.098771,80.785,764.68,0.016202,0.26181,0.61618,3289.5,7742
"daintree","crane","clemyr",2,"simple",NA,5477,6.948e-05,0.44682,"5.3026E-01","0",0,"3.4636E+00",0,0,0,0,0,0,0,0,0,0,0,NA,NA,NA,NA,NA,NA,NA,NA,NA,NA,NA,NA,NA
"daintree","crane","clemyr",2,"simple",NA,5477,6.948e-05,0.44682,"5.3026E-01","a",185,"7.2885E+00",0.4439,0,0.4439,1.7093,0,1.7093,24601,0,24601,4.4915,4.4915,0.0092395,0.0023995,0.011639,0.0092395,0.0023995,0.011639,132.98,132.98,0.024278,0.79384,0.79384,11425,11425
"daintree","crane","clemyr",2,"simple",NA,5477,6.948e-05,0.44682,"5.3026E-01","e",1000,"8.6464E+01",17.23,20.425,37.655,3.3504,38.261,41.611,48221,550670,598900,8.8037,109.34,0.0033504,0.01723,0.02058,0.041611,0.037655,0.079266,48.221,598.9,0.0088037,0.1628,0.52496,2343.1,7555.5
"daintree","crane","clemyr",3,"simple",NA,4019,8.541e-05,0.49299,"5.3288E-01","0",0,"1.0367E+00",0,0,0,0,0,0,0,0,0,0,0,NA,NA,NA,NA,NA,NA,NA,NA,NA,NA,NA,NA,NA
"daintree","crane","clemyr",3,"simple",NA,4019,8.541e-05,0.49299,"5.3288E-01","a",260,"8.5530E+00",0.6246,0,0.6246,2.1515,0,2.1515,25190,0,25190,6.2671,6.2671,0.008275,0.0024023,0.010677,0.008275,0.0024023,0.010677,96.883,96.883,0.024104,0.77501,0.77501,9073.7,9073.7
"daintree","crane","clemyr",3,"simple",NA,4019,8.541e-05,0.49299,"5.3288E-01","e",1000,"1.5050E+02",26.152,36.833,62.985,2.2257,67.308,69.534,26058,788040,814100,6.4833,202.55,0.0022257,0.026152,0.028377,0.069534,0.062985,0.13252,26.058,814.1,0.0064833,0.078432,0.52471,918.28,6143.3
"daintree","crane","crylae",1,"simple",3.3,2131,9.102e-05,0.39637,"6.0520E-01","0",0,"3.1337E+00",0,0,0,0,0,0,0,0,0,0,0,NA,NA,NA,NA,NA,NA,NA,NA,NA,NA,NA,NA,NA
"daintree","crane","crylae",1,"simple",3.3,2131,9.102e-05,0.39637,"6.0520E-01","a",120,"7.0686E+00",0.2901,0.2137,0.5038,0.4733,0.734,1.2073,5200.2,8064.5,13265,2.4403,6.2248,0.0039442,0.0024175,0.0063617,0.010061,0.0041983,0.014259,43.335,110.54,0.020336,0.61999,0.70557,6811.9,7752.2
"daintree","crane","crylae",1,"simple",3.3,2131,9.102e-05,0.39637,"6.0520E-01","e",1000,"8.6582E+01",17.662,22.889,40.551,1.0642,46.667,47.731,11692,512740,524430,5.487,246.1,0.0010642,0.017662,0.018726,0.047731,0.040551,0.088282,11.692,524.43,0.005487,0.056829,0.54067,624.39,5940.4
"daintree","crane","crylae",2,"simple",NA,2555,8.273e-05,0.44517,"5.9568E-01","0",0,"2.6389E+00",0,0,0,0,0,0,0,0,0,0,0,NA,NA,NA,NA,NA,NA,NA,NA,NA,NA,NA,NA,NA
"daintree","crane","crylae",2,"simple",NA,2555,8.273e-05,0.44517,"5.9568E-01","a",205,"1.1938E+01",0.4603,0.4847,0.945,1.0905,0.1241,1.2146,13181,1500,14681,5.1597,5.7469,0.0053195,0.0022454,0.0075649,0.0059249,0.0046098,0.010535,64.299,71.616,0.025169,0.70319,0.56242,8499.6,6798.1
"daintree","crane","crylae",2,"simple",NA,2555,8.273e-05,0.44517,"5.9568E-01","e",1000,"1.5480E+02",25.519,60.094,85.613,2.7136,72.813,75.527,32800,880110,912910,12.839,357.35,0.0027136,0.025519,0.028233,0.075527,0.085613,0.16114,32.8,912.91,0.012839,0.096115,0.4687,1161.8,5665.4
"daintree","crane","crylae",3,"simple",NA,3359,8.767e-05,0.42346,"5.5887E-01","0",0,"3.9584E+00",0,0,0,0,0,0,0,0,0,0,0,NA,NA,NA,NA,NA,NA,NA,NA,NA,NA,NA,NA,NA
"daintree","crane","crylae",3,"simple",2,3359,8.767e-05,0.42346,"5.5887E-01","a",230,"1.8857E+01",0.6754,1.0375,1.7129,0.4263,4.1079,4.5342,4862.7,46858,51720,1.4477,15.398,0.0018535,0.0029365,0.00479,0.019714,0.0074474,0.027161,21.142,224.87,0.0062942,0.38695,0.72581,4413.8,8279.1
"daintree","crane","crylae",3,"simple",2,3359,8.767e-05,0.42346,"5.5887E-01","e",1000,"8.8216E+01",15.396,25.074,40.47,12.305,59.902,72.207,140360,683290,823640,41.786,245.2,0.012305,0.015396,0.027701,0.072207,0.04047,0.11268,140.36,823.64,0.041786,0.4442,0.64083,5066.9,7309.8
"daintree","crane","crymac",1,"simple",NA,12570,0.0001866,0.42839,"6.5547E-01","0",0,"8.1996E+00",0,0,0,0,0,0,0,0,0,0,0,NA,NA,NA,NA,NA,NA,NA,NA,NA,NA,NA,NA,NA
"daintree","crane","crymac",1,"simple",NA,12570,0.0001866,0.42839,"6.5547E-01","a",300,"4.8161E+01",3.5616,0.3245,3.8861,6.7676,0.3921,7.1597,36270,2101.4,38371,2.8866,3.0538,0.022559,0.011872,0.034431,0.023866,0.012954,0.036819,120.9,127.9,0.009622,0.65519,0.64818,3511.4,3473.8
"daintree","crane","crymac",1,"simple",NA,12570,0.0001866,0.42839,"6.5547E-01","e",1000,"",65.473,96.433,161.91,10.324,309.89,320.22,55328,1660800,1716100,4.4033,136.58,0.010324,0.065473,0.075797,0.32022,0.16191,0.48212,55.328,1716.1,0.0044033,0.1362,0.66418,729.95,3559.6
"daintree","crane","crymac",2,"simple",NA,10300,0.0002167,0.44107,"5.9183E-01","0",0,"1.8017E+01",0,0,0,0,0,0,0,0,0,0,0,NA,NA,NA,NA,NA,NA,NA,NA,NA,NA,NA,NA,NA
"daintree","crane","crymac",2,"simple",NA,10300,0.0002167,0.44107,"5.9183E-01","a",150,"3.9914E+01",2.2183,1.0003,3.2186,4.1801,7.6795,11.86,19289,35438,54727,1.8728,5.3136,0.027867,0.014789,0.042656,0.079064,0.021457,0.10052,128.6,364.85,0.012486,0.6533,0.78654,3014.7,3629.5
"daintree","crane","crymac",2,"simple",NA,10300,0.0002167,0.44107,"5.9183E-01","e",1000,"2.3095E+02",66.874,74.264,141.14,8.6497,273.61,282.26,39915,1262600,1302500,3.8754,126.46,0.0086497,0.066874,0.075523,0.28226,0.14114,0.4234,39.915,1302.5,0.0038754,0.11453,0.66666,528.51,3076.3
"daintree","crane","crymac",3,"simple",NA,8510,0.0002074,0.52934,"5.8888E-01","0",0,"8.0582E+00",0,0,0,0,0,0,0,0,0,0,0,NA,NA,NA,NA,NA,NA,NA,NA,NA,NA,NA,NA,NA
"daintree","crane","crymac",3,"simple",NA,8510,0.0002074,0.52934,"5.8888E-01","a",450,"2.7340E+01",3.9237,0,3.9237,24.28,0,24.28,117080,0,117080,13.758,13.758,0.053956,0.0087193,0.062676,0.053956,0.0087193,0.062676,260.19,260.19,0.030574,0.86088,0.86088,4151.3,4151.3
"daintree","crane","crymac",3,"simple",NA,8510,0.0002074,0.52934,"5.8888E-01","e",1000,"3.2742E+02",84.243,164.13,248.38,25.055,433.22,458.27,120820,2089100,2209900,14.197,259.68,0.025055,0.084243,0.1093,0.45827,0.24838,0.70665,120.82,2209.9,0.014197,0.22923,0.64852,1105.4,3127.3
"daintree","crane","crymur",1,"simple",NA,13750,0.000157,0.38342,"5.2586E-01","0",0,"3.0536E+01",0,0,0,0,0,0,0,0,0,0,0,NA,NA,NA,NA,NA,NA,NA,NA,NA,NA,NA,NA,NA
"daintree","crane","crymur",1,"simple",NA,13750,0.000157,0.38342,"5.2586E-01","a",250,"5.5410E+01",4.677,0,4.677,10.857,0,10.857,69159,0,69159,5.0287,5.0287,0.043429,0.018708,0.062137,0.043429,0.018708,0.062137,276.64,276.64,0.020115,0.69892,0.69892,4452.1,4452.1
"daintree","crane","crymur",1,"simple",NA,13750,0.000157,0.38342,"5.2586E-01","e",1000,"3.3279E+02",69.28,39.474,108.75,14.743,102.66,117.4,93912,653900,747810,6.8285,54.375,0.014743,0.06928,0.084023,0.1174,0.10875,0.22615,93.912,747.81,0.0068285,0.17547,0.51911,1117.7,3306.7
"daintree","crane","crymur",2,"simple",NA,10460,0.0001544,0.42056,"6.5484E-01","0",0,"9.9824E+00",0,0,0,0,0,0,0,0,0,0,0,NA,NA,NA,NA,NA,NA,NA,NA,NA,NA,NA,NA,NA
"daintree","crane","crymur",2,"simple",NA,10460,0.0001544,0.42056,"6.5484E-01","a",110,"1.0996E+01",0.4203,0,0.4203,4.8417,0,4.8417,31368,0,31368,3,3,0.044015,0.0038209,0.047836,0.044015,0.0038209,0.047836,285.16,285.16,0.027273,0.92013,0.92013,5961.2,5961.2
"daintree","crane","crymur",2,"simple",NA,10460,0.0001544,0.42056,"6.5484E-01","e",1000,"1.5808E+02",40.386,27.234,67.62,36.729,169.02,205.75,237950,1095000,1333000,22.758,127.49,0.036729,0.040386,0.077114,0.20575,0.06762,0.27337,237.95,1333,0.022758,0.47629,0.75264,3085.7,4876.2
"daintree","crane","crymur",3,"simple",NA,5670,0.0001521,0.52895,"6.4043E-01","0",0,"1.0304E+01",0,0,0,0,0,0,0,0,0,0,0,NA,NA,NA,NA,NA,NA,NA,NA,NA,NA,NA,NA,NA
"daintree","crane","crymur",3,"simple",NA,5670,0.0001521,0.52895,"6.4043E-01","a",70,"1.7719E+01",0.5646,0.3906,0.9552,3.1902,1.944,5.1342,20970,12779,33749,3.6985,5.9522,0.045574,0.0080657,0.05364,0.073346,0.013646,0.086991,299.58,482.13,0.052836,0.84963,0.84314,5585,5542.3
"daintree","crane","crymur",3,"simple",NA,5670,0.0001521,0.52895,"6.4043E-01","e",1000,"2.9947E+02",77.408,50.521,127.93,3.8467,148,151.85,25286,972880,998170,4.4596,176.04,0.0038467,0.077408,0.081254,0.15185,0.12793,0.27978,25.286,998.17,0.0044596,0.047342,0.54275,311.2,3567.7
"daintree","mt baldy","denmor",1,"simple",3.4,18530,5.556e-05,0.16144,"1.9197E-01","0",0,"2.7269E+01",0,0,0,0,0,0,0,0,0,0,0,NA,NA,NA,NA,NA,NA,NA,NA,NA,NA,NA,NA,NA
"daintree","mt baldy","denmor",1,"simple",3.4,18530,5.556e-05,0.16144,"1.9197E-01","a",125,"6.9268E+01",0.973,0,0.973,3.17,0,3.17,57052,0,57052,3.0797,3.0797,0.02536,0.007784,0.033144,0.02536,0.007784,0.033144,456.41,456.41,0.024637,0.76515,0.76515,13771,13771
"daintree","mt baldy","denmor",1,"simple",3.4,18530,5.556e-05,0.16144,"1.9197E-01","e",1000,"5.5135E+02",44.417,67.589,112.01,3.17,28.636,31.806,57052,515370,572430,3.0797,30.9,0.00317,0.044417,0.047587,0.031806,0.11201,0.14381,57.052,572.43,0.0030797,0.066615,0.22116,1198.9,3980.4
"daintree","oliver","denmor",2,"simple",3.8,27740,5.358e-05,0.1628,"2.3043E-01","0",0,"4.0715E+01",0,0,0,0,0,0,0,0,0,0,0,NA,NA,NA,NA,NA,NA,NA,NA,NA,NA,NA,NA,NA
"daintree","oliver","denmor",2,"simple",3.8,27740,5.358e-05,0.1628,"2.3043E-01","a",125,"8.4666E+01",1.023,0,1.023,5.88,0,5.88,109750,0,109750,3.956,3.956,0.04704,0.008184,0.055224,0.04704,0.008184,0.055224,878,878,0.031648,0.8518,0.8518,15899,15899
"daintree","oliver","denmor",2,"simple",3.8,27740,5.358e-05,0.1628,"2.3043E-01","e",1000,"2.3347E+02",26.154,10.533,36.687,9.009,9.6055,18.615,168150,179290,347440,6.0612,12.524,0.009009,0.026154,0.035163,0.018615,0.036687,0.055302,168.15,347.44,0.0060612,0.2562,0.3366,4782,6282.6
"daintree","crane","denmor",3,"simple",2.5,33090,4.661e-05,0.14463,"1.8452E-01","0",0,"5.0265E+01",0,0,0,0,0,0,0,0,0,0,0,NA,NA,NA,NA,NA,NA,NA,NA,NA,NA,NA,NA,NA
"daintree","crane","denmor",3,"simple",2.5,33090,4.661e-05,0.14463,"1.8452E-01","a",125,"1.3685E+02",0.897,0,0.897,10.664,0,10.664,228820,0,228820,6.9142,6.9142,0.085312,0.007176,0.092488,0.085312,0.007176,0.092488,1830.5,1830.5,0.055314,0.92241,0.92241,19792,19792
"daintree","crane","denmor",3,"simple",2.5,33090,4.661e-05,0.14463,"1.8452E-01","e",1000,"2.5447E+02",22.593,0,22.593,10.664,0,10.664,228820,0,228820,6.9142,6.9142,0.010664,0.022593,0.033257,0.010664,0.022593,0.033257,228.82,228.82,0.0069142,0.32066,0.32066,6880.3,6880.3
"daintree","crane","elaang",1,"simple",NA,3004,0.000127,0.47239,"4.8114E-01","0",0,"7.0607E+00",0,0,0,0,0,0,0,0,0,0,0,NA,NA,NA,NA,NA,NA,NA,NA,NA,NA,NA,NA,NA
"daintree","crane","elaang",1,"simple",NA,3004,0.000127,0.47239,"4.8114E-01","a",125,"2.8149E+01",0.964,0.3591,1.3231,2.3579,0.5624,2.9203,18569,4429.1,22998,6.181,7.6553,0.018863,0.007712,0.026575,0.023362,0.010585,0.033947,148.55,183.99,0.049448,0.7098,0.6882,5590,5419.8
"daintree","crane","elaang",1,"simple",NA,3004,0.000127,0.47239,"4.8114E-01","e",1000,"1.8133E+02",46.282,21.399,67.681,3.5263,54.665,58.192,27771,430510,458280,9.2439,152.54,0.0035263,0.046282,0.049808,0.058192,0.067681,0.12587,27.771,458.28,0.0092439,0.070798,0.46231,557.56,3640.8
"daintree","crane","elaang",2,"simple",NA,2510,0.0001354,0.51123,"#DIV/0!","0",0,"1.2158E+01",0,0,0,0,0,0,0,0,0,0,0,NA,NA,NA,NA,NA,NA,NA,NA,NA,NA,NA,NA,NA
"daintree","crane","elaang",2,"simple",NA,2510,0.0001354,0.51123,"#DIV/0!","a",150,"2.5054E+01",1.488,0,1.488,1.9071,0,1.9071,14085,0,14085,5.612,5.612,0.012714,0.00992,0.022634,0.012714,0.00992,0.022634,93.898,93.898,0.037413,0.56172,0.56172,4148.5,4148.5
"daintree","crane","elaang",2,"simple",NA,2510,0.0001354,0.51123,"#DIV/0!","e",1000,"3.3653E+02",79.218,98.949,178.17,3.3571,154.71,158.07,24794,1142600,1167400,9.8789,465.15,0.0033571,0.079218,0.082575,0.15807,0.17817,0.33624,24.794,1167.4,0.0098789,0.040655,0.47012,300.26,3472
"daintree","crane","elaang",3,"simple",7,2773,0.0001027,0.46876,"4.7404E-01","0",0,"8.8122E+00",0,0,0,0,0,0,0,0,0,0,0,NA,NA,NA,NA,NA,NA,NA,NA,NA,NA,NA,NA,NA
"daintree","crane","elaang",3,"simple",7,2773,0.0001027,0.46876,"4.7404E-01","a",220,"2.2894E+01",1.713,0.4261,2.1391,3.3438,1.1428,4.4866,32548,11124,43671,11.735,15.746,0.015199,0.0077864,0.022985,0.020394,0.0097232,0.030117,147.94,198.51,0.053343,0.66125,0.67715,6436.4,6591.2
"daintree","crane","elaang",3,"simple",7,2773,0.0001027,0.46876,"4.7404E-01","e",1000,"1.4629E+02",32.117,20.848,52.966,3.702,58.176,61.878,36034,566270,602300,12.993,217.17,0.003702,0.032117,0.035819,0.061878,0.052966,0.11484,36.034,602.3,0.012993,0.10335,0.5388,1006,5244.6
"daintree","crane","endlep",1,"simple",NA,4336,0.0001079,0.47876,"5.3360E-01","0",0,"4.3275E+00",0,0,0,0,0,0,0,0,0,0,0,NA,NA,NA,NA,NA,NA,NA,NA,NA,NA,NA,NA,NA
"daintree","crane","endlep",1,"simple",NA,4336,0.0001079,0.47876,"5.3360E-01","a",180,"1.0446E+01",0.7467,0,0.7467,1.745,0,1.745,16172,0,16172,3.7297,3.7297,0.0096944,0.0041483,0.013843,0.0096944,0.0041483,0.013843,89.844,89.844,0.020721,0.70033,0.70033,6490.3,6490.3
"daintree","crane","endlep",1,"simple",NA,4336,0.0001079,0.47876,"5.3360E-01","e",1000,"1.9439E+02",28.073,55.009,83.082,7.749,131.98,139.73,71815,1223200,1295000,16.562,298.65,0.007749,0.028073,0.035822,0.13973,0.083082,0.22281,71.815,1295,0.016562,0.21632,0.62712,2004.8,5811.9
"daintree","crane","endlep",2,"simple",NA,4090,0.0001153,0.5184,"6.0158E-01","0",0,"3.0513E+00",0,0,0,0,0,0,0,0,0,0,0,NA,NA,NA,NA,NA,NA,NA,NA,NA,NA,NA,NA,NA
"daintree","crane","endlep",2,"simple",NA,4090,0.0001153,0.5184,"6.0158E-01","a",150,"1.2559E+01",0.6011,0.1597,0.7608,0.6373,1.2018,1.8391,5528.7,10426,15954,1.3516,3.9005,0.0042487,0.0040073,0.008256,0.012261,0.005072,0.017333,36.858,106.36,0.009011,0.51462,0.70737,4464.4,6136.6
"daintree","crane","endlep",2,"simple",NA,4090,0.0001153,0.5184,"6.0158E-01","e",1000,"9.5881E+01",32.661,7.9281,40.589,3.6769,18.293,21.97,31898,158690,190590,7.7983,46.596,0.0036769,0.032661,0.036338,0.02197,0.040589,0.062559,31.898,190.59,0.0077983,0.10119,0.35118,877.8,3046.6
"daintree","crane","endlep",3,"simple",NA,3535,9.597e-05,0.53367,"5.9902E-01","0",0,"2.4740E+00",0,0,0,0,0,0,0,0,0,0,0,NA,NA,NA,NA,NA,NA,NA,NA,NA,NA,NA,NA,NA
"daintree","crane","endlep",3,"simple",NA,3535,9.597e-05,0.53367,"5.9902E-01","a",220,"1.1640E+01",1.1731,0.0979,1.271,0.7223,1.2404,1.9627,7526.4,12925,20451,2.1293,5.7858,0.0032832,0.0053323,0.0086155,0.0089214,0.0057773,0.014699,34.211,92.961,0.0096785,0.38108,0.60695,3970.9,6324.5
"daintree","crane","endlep",3,"simple",NA,3535,9.597e-05,0.53367,"5.9902E-01","e",1000,"3.7342E+02",46.958,161.43,208.39,0.7223,170.17,170.89,7526.4,1773100,1780700,2.1293,503.76,0.0007223,0.046958,0.04768,0.17089,0.20839,0.37927,7.5264,1780.7,0.0021293,0.015149,0.45056,157.85,4694.9
"daintree","crane","endmic",1,"simple",NA,3651,0.000142,0.43933,"5.3083E-01","0",0,"1.0414E+01",0,0,0,0,0,0,0,0,0,0,0,NA,NA,NA,NA,NA,NA,NA,NA,NA,NA,NA,NA,NA
"daintree","crane","endmic",1,"simple",NA,3651,0.000142,0.43933,"5.3083E-01","a",90,"2.5730E+01",0.6917,0.2203,0.912,1.872,0.5802,2.4522,13180,4085.1,17266,3.6104,4.7294,0.0208,0.0076856,0.028486,0.027247,0.010133,0.03738,146.45,191.84,0.040116,0.73019,0.72891,5141.2,5132.1
"daintree","crane","endmic",1,"simple",NA,3651,0.000142,0.43933,"5.3083E-01","e",1000,"1.6627E+02",39.794,62.177,101.97,6.1977,99.483,105.68,43637,700440,744080,11.953,203.82,0.0061977,0.039794,0.045992,0.10568,0.10197,0.20765,43.637,744.08,0.011953,0.13476,0.50893,948.79,3583.3
"daintree","crane","endmic",2,"simple",NA,3633,0.0001522,0.58256,"6.3528E-01","0",0,"1.3273E+00",0,0,0,0,0,0,0,0,0,0,0,NA,NA,NA,NA,NA,NA,NA,NA,NA,NA,NA,NA,NA
"daintree","crane","endmic",2,"simple",NA,3633,0.0001522,0.58256,"6.3528E-01","a",155,"8.8122E+00",0.6853,0.2091,0.8944,2.616,1.979,4.595,17184,12999,30183,4.7303,8.3087,0.016877,0.0044213,0.021299,0.029645,0.0057703,0.035415,110.86,194.73,0.030518,0.79242,0.83707,5205.1,5498.4
"daintree","crane","endmic",2,"simple",NA,3633,0.0001522,0.58256,"6.3528E-01","e",1000,"2.3091E+02",57.186,90.757,147.94,8.932,197.55,206.49,58671,1297700,1356300,16.151,373.37,0.008932,0.057186,0.066118,0.20649,0.14794,0.35443,58.671,1356.3,0.016151,0.13509,0.58259,887.37,3826.8
"daintree","crane","endmic",3,"simple",NA,2848,0.0001579,0.5706,"6.3170E-01","0",0,"2.1441E+00",0,0,0,0,0,0,0,0,0,0,0,NA,NA,NA,NA,NA,NA,NA,NA,NA,NA,NA,NA,NA
"daintree","crane","endmic",3,"simple",NA,2848,0.0001579,0.5706,"6.3170E-01","a",140,"2.3326E+01",1.398,1.6228,3.0208,3.4815,5.657,9.1385,22048,35826,57874,7.7424,20.323,0.024868,0.0099857,0.034854,0.065275,0.021577,0.086852,157.49,413.39,0.055303,0.7135,0.75156,4518.6,4759.6
"daintree","crane","endmic",3,"simple",NA,2848,0.0001579,0.5706,"6.3170E-01","e",1000,"3.5798E+02",86.784,137.42,224.2,7.6898,238.33,246.02,48699,1509300,1558000,17.101,547.12,0.0076898,0.086784,0.094474,0.24602,0.2242,0.47022,48.699,1558,0.017101,0.081396,0.5232,515.48,3313.4
"daintree","crane","gilade",1,"compound",NA,12060,0.0001344,0.46417,"4.0751E-01","0",0,"2.6704E+00",0,0,0,0,0,0,0,0,0,0,0,NA,NA,NA,NA,NA,NA,NA,NA,NA,NA,NA,NA,NA
"daintree","crane","gilade",1,"compound",NA,12060,0.0001344,0.46417,"4.0751E-01","a",190,"3.2673E+01",1.886,0.4048,2.2908,4.0035,0.2748,4.2783,29798,2045.3,31843,2.47,2.6396,0.021071,0.0099263,0.030997,0.022517,0.012057,0.034574,156.83,167.59,0.013,0.67977,0.65128,5059.4,4847.4
"daintree","crane","gilade",1,"compound",NA,12060,0.0001344,0.46417,"4.0751E-01","e",1000,"1.6852E+02",34.808,25.616,60.424,30.973,37.154,68.126,230530,276530,507060,19.109,42.032,0.030973,0.034808,0.06578,0.068126,0.060424,0.12855,230.53,507.06,0.019109,0.47085,0.52996,3504.5,3944.4
"daintree","crane","gilade",2,"compound",NA,20890,0.000111,0.37876,"4.0816E-01","0",0,"4.3197E+00",0,0,0,0,0,0,0,0,0,0,0,NA,NA,NA,NA,NA,NA,NA,NA,NA,NA,NA,NA,NA
"daintree","crane","gilade",2,"compound",NA,20890,0.000111,0.37876,"4.0816E-01","a",210,"1.5551E+01",1.2808,0,1.2808,6.8769,0,6.8769,61963,0,61963,2.9658,2.9658,0.032747,0.006099,0.038846,0.032747,0.006099,0.038846,295.06,295.06,0.014123,0.84299,0.84299,7595.6,7595.6
"daintree","crane","gilade",2,"compound",NA,20890,0.000111,0.37876,"4.0816E-01","e",1000,"1.2661E+02",30.651,12.734,43.384,65.047,39.685,104.73,586090,357580,943670,28.053,45.168,0.065047,0.030651,0.095698,0.10473,0.043384,0.14812,586.09,943.67,0.028053,0.67971,0.70709,6124.4,6371.1
"daintree","crane","gilade",3,"compound",NA,20980,0.0001577,0.46059,"4.7699E-01","0",0,"4.5239E+00",0,0,0,0,0,0,0,0,0,0,0,NA,NA,NA,NA,NA,NA,NA,NA,NA,NA,NA,NA,NA
"daintree","crane","gilade",3,"compound",NA,20980,0.0001577,0.46059,"4.7699E-01","a",250,"3.7393E+01",4.252,0.5195,4.7715,12.765,4.4791,17.244,80928,28397,109330,3.857,5.2104,0.051059,0.017008,0.068067,0.068975,0.019086,0.088061,323.71,437.3,0.015428,0.75013,0.78326,4755.8,4965.9
"daintree","crane","gilade",3,"compound",NA,20980,0.0001577,0.46059,"4.7699E-01","e",1000,"3.6808E+02",81.581,114.06,195.64,12.765,288.75,301.52,80928,1830700,1911600,3.857,91.107,0.012765,0.081581,0.094346,0.30152,0.19564,0.49716,80.928,1911.6,0.003857,0.1353,0.60648,857.78,3845.1
"daintree","k-tree","glohyl",1,"simple",11.3,3082,0.000107,0.39161,"4.8525E-01","0",0,"3.4636E+00",0,0,0,0,0,0,0,0,0,0,0,NA,NA,NA,NA,NA,NA,NA,NA,NA,NA,NA,NA,NA
"daintree","k-tree","glohyl",1,"simple",11.3,3082,0.000107,0.39161,"4.8525E-01","a",75,"1.2566E+01",0.2633,0.0853,0.3486,0,0.5721,0.5721,0,5345.9,5345.9,0,1.7346,0,0.0035107,0.0035107,0.007628,0.004648,0.012276,0,71.279,0,0,0.62138,0,5806.3
"daintree","k-tree","glohyl",1,"simple",11.3,3082,0.000107,0.39161,"4.8525E-01","e",1000,"1.0454E+02",35.289,17.842,53.131,0,65.611,65.611,0,613100,613100,0,198.93,0,0.035289,0.035289,0.065611,0.053131,0.11874,0,613.1,0,0,0.55255,0,5163.3
"daintree","k-tree","glohyl",2,"simple",8.4,3424,0.0001194,0.43353,"5.1842E-01","0",0,"5.8905E+00",0,0,0,0,0,0,0,0,0,0,0,NA,NA,NA,NA,NA,NA,NA,NA,NA,NA,NA,NA,NA
"daintree","k-tree","glohyl",2,"simple",8.4,3424,0.0001194,0.43353,"5.1842E-01","a",70,"1.4137E+01",0.3323,0.1616,0.4939,0,1.3766,1.3766,0,11527,11527,0,3.3669,0,0.0047471,0.0047471,0.019666,0.0070557,0.026721,0,164.67,0,0,0.73595,0,6162.5
"daintree","k-tree","glohyl",2,"simple",8.4,3424,0.0001194,0.43353,"5.1842E-01","e",1000,"1.2469E+02",40.855,17.494,58.349,0,78.066,78.066,0,653690,653690,0,190.93,0,0.040855,0.040855,0.078066,0.058349,0.13642,0,653.69,0,0,0.57227,0,4791.9
"daintree","k-tree","glohyl",3,"simple",5.62,3123,8.996e-05,0.31643,"4.7064E-01","0",0,"4.1469E+00",0,0,0,0,0,0,0,0,0,0,0,NA,NA,NA,NA,NA,NA,NA,NA,NA,NA,NA,NA,NA
"daintree","k-tree","glohyl",3,"simple",5.62,3123,8.996e-05,0.31643,"4.7064E-01","a",65,"6.1261E+00",0.0967,0.0538,0.1505,0,0.5242,0.5242,0,5826.7,5826.7,0,1.8659,0,0.0014877,0.0014877,0.0080646,0.0023154,0.01038,0,89.642,0,0,0.77694,0,8636
"daintree","k-tree","glohyl",3,"simple",5.62,3123,8.996e-05,0.31643,"4.7064E-01","e",1000,"1.0933E+02",25.389,35.31,60.699,0,87.71,87.71,0,974940,974940,0,312.21,0,0.025389,0.025389,0.08771,0.060699,0.14841,0,974.94,0,0,0.591,0,6569.2
"daintree","crane","hapspp",1,"simple",1.6,4308,6.409e-05,0.41844,"5.6061E-01","0",0,"2.1363E+00",0,0,0,0,0,0,0,0,0,0,0,NA,NA,NA,NA,NA,NA,NA,NA,NA,NA,NA,NA,NA
"daintree","crane","hapspp",1,"simple",1.6,4308,6.409e-05,0.41844,"5.6061E-01","a",135,"1.1145E+01",0.2681,0,0.2681,1.537,0,1.537,23981,0,23981,5.5662,5.5662,0.011385,0.0019859,0.013371,0.011385,0.0019859,0.013371,177.64,177.64,0.041231,0.85148,0.85148,13285,13285
"daintree","crane","hapspp",1,"simple",1.6,4308,6.409e-05,0.41844,"5.6061E-01","e",1000,"1.6418E+02",27.294,31.91,59.204,1.537,29.808,31.345,23981,465080,489060,5.5662,113.51,0.001537,0.027294,0.028831,0.031345,0.059204,0.090549,23.981,489.06,0.0055662,0.053311,0.34617,831.78,5401
"daintree","crane","hapspp",2,"simple",1.3,5810,8.368e-05,0,"6.8087E-01","0",0,"5.1051E+00",0,0,0,0,0,0,0,0,0,0,0,NA,NA,NA,NA,NA,NA,NA,NA,NA,NA,NA,NA,NA
"daintree","crane","hapspp",2,"simple",1.3,5810,8.368e-05,0,"6.8087E-01","a",120,"2.3326E+01",0.8586,0.2987,1.1573,0.4478,1.0796,1.5274,5351.2,12901,18252,0.92108,3.1417,0.0037317,0.007155,0.010887,0.012728,0.0096442,0.022373,44.593,152.1,0.0076757,0.34277,0.56893,4096.1,6798.7
"daintree","crane","hapspp",2,"simple",1.3,5810,8.368e-05,0,"6.8087E-01","e",1000,"2.8981E+02",85.851,37.273,123.12,0.4478,48.668,49.116,5351.2,581580,586930,0.92108,101.03,0.0004478,0.085851,0.086298,0.049116,0.12312,0.17224,5.3512,586.93,0.00092108,0.005189,0.28516,62.008,3407.7
"daintree","crane","hapspp",3,"simple",1.3,3938,6.67e-05,0.47575,"5.2355E-01","0",0,"1.8850E+00",0,0,0,0,0,0,0,0,0,0,0,NA,NA,NA,NA,NA,NA,NA,NA,NA,NA,NA,NA,NA
"daintree","crane","hapspp",3,"simple",1.3,3938,6.67e-05,0.47575,"5.2355E-01","a",120,"8.0346E+00",0.396,0,0.396,2.06,0,2.06,30883,0,30883,7.8416,7.8416,0.017167,0.0033,0.020467,0.017167,0.0033,0.020467,257.36,257.36,0.065347,0.83876,0.83876,12575,12575
"daintree","crane","hapspp",3,"simple",1.3,3938,6.67e-05,0.47575,"5.2355E-01","e",1000,"1.9855E+02",33.685,13.305,46.99,2.06,13.518,15.578,30883,202650,233540,7.8416,59.298,0.00206,0.033685,0.035745,0.015578,0.04699,0.062567,30.883,233.54,0.0078416,0.05763,0.24897,863.98,3732.5
"daintree","oliver","harrhy",1,"simple",5.2,36790,8.161e-05,0.49799,"5.6149E-01","0",0,"1.2205E+01",0,0,0,0,0,0,0,0,0,0,0,NA,NA,NA,NA,NA,NA,NA,NA,NA,NA,NA,NA,NA
"daintree","oliver","harrhy",1,"simple",5.2,36790,8.161e-05,0.49799,"5.6149E-01","a",125,"2.9688E+01",2.12,0,2.12,24.362,0,24.362,298530,0,298530,8.1135,8.1135,0.1949,0.01696,0.21186,0.1949,0.01696,0.21186,2388.3,2388.3,0.064908,0.91995,0.91995,11273,11273
"daintree","oliver","harrhy",1,"simple",5.2,36790,8.161e-05,0.49799,"5.6149E-01","e",1000,"8.2467E+01",35.515,0.2272,35.742,26.824,1.1445,27.969,328700,14025,342730,8.9334,9.3146,0.026824,0.035515,0.062339,0.027969,0.035742,0.06371,328.7,342.73,0.0089334,0.4303,0.43899,5272.9,5379.5
"daintree","oliver","harrhy",2,"simple",2.75,29940,7.104e-05,0.5854,"6.1069E-01","0",0,"1.6980E+01",0,0,0,0,0,0,0,0,0,0,0,NA,NA,NA,NA,NA,NA,NA,NA,NA,NA,NA,NA,NA
"daintree","oliver","harrhy",2,"simple",2.75,29940,7.104e-05,0.5854,"6.1069E-01","a",125,"2.9225E+01",2.034,0,2.034,12.243,0,12.243,172330,0,172330,5.7551,5.7551,0.097944,0.016272,0.11422,0.097944,0.016272,0.11422,1378.6,1378.6,0.046041,0.85753,0.85753,12070,12070
"daintree","oliver","harrhy",2,"simple",2.75,29940,7.104e-05,0.5854,"6.1069E-01","e",1000,"6.1183E+01",30.17,0,30.17,12.243,0,12.243,172330,0,172330,5.7551,5.7551,0.012243,0.03017,0.042413,0.012243,0.03017,0.042413,172.33,172.33,0.0057551,0.28866,0.28866,4063.1,4063.1
"daintree","oliver","harrhy",3,"simple",3.2,55890,7.373e-05,0.5348,"6.2182E-01","0",0,"9.8960E+00",0,0,0,0,0,0,0,0,0,0,0,NA,NA,NA,NA,NA,NA,NA,NA,NA,NA,NA,NA,NA
"daintree","oliver","harrhy",3,"simple",3.2,55890,7.373e-05,0.5348,"6.2182E-01","a",125,"2.2871E+01",0.933,0,0.933,19.248,0,19.248,261070,0,261070,4.6711,4.6711,0.15398,0.007464,0.16145,0.15398,0.007464,0.16145,2088.5,2088.5,0.037369,0.95377,0.95377,12936,12936
"daintree","oliver","harrhy",3,"simple",3.2,55890,7.373e-05,0.5348,"6.2182E-01","e",1000,"8.9064E+01",35.746,0.7935,36.539,23.357,6.177,29.534,316800,83781,400590,5.6683,7.1674,0.023357,0.035746,0.059103,0.029534,0.036539,0.066074,316.8,400.59,0.0056683,0.3952,0.44699,5360.2,6062.7
"daintree","oliver","heralb",1,"simple",5.7,3993,6.792e-05,0.27404,"3.7699E-01","0",0,"3.1102E+00",0,0,0,0,0,0,0,0,0,0,0,NA,NA,NA,NA,NA,NA,NA,NA,NA,NA,NA,NA,NA
"daintree","oliver","heralb",1,"simple",5.7,3993,6.792e-05,0.27404,"3.7699E-01","a",195,"9.6211E+00",0.3492,0,0.3492,1.4605,0,1.4605,21504,0,21504,5.386,5.386,0.0074897,0.0017908,0.0092805,0.0074897,0.0017908,0.0092805,110.28,110.28,0.02762,0.80704,0.80704,11883,11883
"daintree","oliver","heralb",1,"simple",5.7,3993,6.792e-05,0.27404,"3.7699E-01","e",1000,"5.0258E+01",9.7929,3.9292,13.722,7.1341,10.51,17.644,105040,154740,259780,26.309,65.066,0.0071341,0.0097929,0.016927,0.017644,0.013722,0.031366,105.04,259.78,0.026309,0.42146,0.56251,6205.6,8282.5
"daintree","oliver","heralb",2,"simple",5.2,4190,7.022e-05,0.28633,"4.1632E-01","0",0,"2.5368E+00",0,0,0,0,0,0,0,0,0,0,0,NA,NA,NA,NA,NA,NA,NA,NA,NA,NA,NA,NA,NA
"daintree","oliver","heralb",2,"simple",5.2,4190,7.022e-05,0.28633,"4.1632E-01","a",240,"7.0686E+00",0.3598,0,0.3598,2.7218,0,2.7218,38763,0,38763,9.2518,9.2518,0.011341,0.0014992,0.01284,0.011341,0.0014992,0.01284,161.51,161.51,0.038549,0.88324,0.88324,12579,12579
"daintree","oliver","heralb",2,"simple",5.2,4190,7.022e-05,0.28633,"4.1632E-01","e",1000,"5.0265E+01",9.4235,3.5815,13.005,7.2514,10.441,17.693,103270,148700,251970,24.649,60.14,0.0072514,0.0094235,0.016675,0.017693,0.013005,0.030698,103.27,251.97,0.024649,0.43487,0.57635,6193.3,8208.3
"daintree","oliver","heralb",3,"simple",NA,3235,6.884e-05,0.26513,"3.6968E-01","0",0,"3.2515E+00",0,0,0,0,0,0,0,0,0,0,0,NA,NA,NA,NA,NA,NA,NA,NA,NA,NA,NA,NA,NA
"daintree","oliver","heralb",3,"simple",NA,3235,6.884e-05,0.26513,"3.6968E-01","a",125,"5.5135E+00",0.1564,0,0.1564,0.4963,0,0.4963,7209.5,0,7209.5,2.2286,2.2286,0.0039704,0.0012512,0.0052216,0.0039704,0.0012512,0.0052216,57.676,57.676,0.017828,0.76038,0.76038,11046,11046
"daintree","oliver","heralb",3,"simple",NA,3235,6.884e-05,0.26513,"3.6968E-01","e",1000,"7.6184E+01",12.549,8.0932,20.643,6.3696,17.395,23.765,92528,252690,345220,28.602,106.71,0.0063696,0.012549,0.018919,0.023765,0.020643,0.044407,92.528,345.22,0.028602,0.33668,0.53516,4890.8,7774
"daintree","oliver","ixobif",1,"simple",2.9,2976,7.056e-05,0.48686,"6.0318E-01","0",0,"3.7935E+00",0,0,0,0,0,0,0,0,0,0,0,NA,NA,NA,NA,NA,NA,NA,NA,NA,NA,NA,NA,NA
"daintree","oliver","ixobif",1,"simple",2.9,2976,7.056e-05,0.48686,"6.0318E-01","a",120,"4.1469E+00",0.322,0,0.322,0.519,0,0.519,7355,0,7355,2.4714,2.4714,0.004325,0.0026833,0.0070083,0.004325,0.0026833,0.0070083,61.291,61.291,0.020595,0.61712,0.61712,8745.5,8745.5
"daintree","oliver","ixobif",1,"simple",2.9,2976,7.056e-05,0.48686,"6.0318E-01","e",1000,"1.2252E+02",24.896,43.672,68.568,0.519,25.447,25.966,7355,360620,367980,2.4714,123.65,0.000519,0.024896,0.025415,0.025966,0.068568,0.094535,7.355,367.98,0.0024714,0.020421,0.27467,289.39,3892.5
"daintree","crane","ixobif",2,"simple",2.1,2890,8.179e-05,0.62464,"7.3762E-01","0",0,"1.3195E+00",0,0,0,0,0,0,0,0,0,0,0,NA,NA,NA,NA,NA,NA,NA,NA,NA,NA,NA,NA,NA
"daintree","crane","ixobif",2,"simple",2.1,2890,8.179e-05,0.62464,"7.3762E-01","a",250,"3.9741E+00",0.4873,0,0.4873,1.6632,0,1.6632,20334,0,20334,7.0355,7.0355,0.0066528,0.0019492,0.008602,0.0066528,0.0019492,0.008602,81.337,81.337,0.028142,0.7734,0.7734,9455.6,9455.6
"daintree","crane","ixobif",2,"simple",2.1,2890,8.179e-05,0.62464,"7.3762E-01","e",1000,"3.4204E+01",12.22,2.8976,15.118,11.766,9.641,21.407,143860,117870,261730,49.773,90.555,0.011766,0.01222,0.023987,0.021407,0.015118,0.036525,143.86,261.73,0.049773,0.49054,0.5861,5997.3,7165.6
"daintree","crane","ixobif",3,"simple",3.5,3210,1e-04,0.59218,"6.9378E-01","0",0,"1.8692E+00",0,0,0,0,0,0,0,0,0,0,0,NA,NA,NA,NA,NA,NA,NA,NA,NA,NA,NA,NA,NA
"daintree","crane","ixobif",3,"simple",3.5,3210,1e-04,0.59218,"6.9378E-01","a",220,"3.2987E+00",0.3599,0,0.3599,1.3215,0,1.3215,13215,0,13215,4.1175,4.1175,0.0060068,0.0016359,0.0076427,0.0060068,0.0016359,0.0076427,60.068,60.068,0.018716,0.78595,0.78595,7859.5,7859.5
"daintree","crane","ixobif",3,"simple",3.5,3210,1e-04,0.59218,"6.9378E-01","e",1000,"3.6851E+01",11.304,12.838,24.142,5.0533,26.83,31.883,50533,268300,318830,15.745,99.339,0.0050533,0.011304,0.016357,0.031883,0.024142,0.056025,50.533,318.83,0.015745,0.30894,0.56909,3089.4,5690.9
"daintree","oliver","lasstr",1,"simple",1.15,2370,5.537e-05,0.50781,"5.6742E-01","0",0,"4.6181E+00",0,0,0,0,0,0,0,0,0,0,0,NA,NA,NA,NA,NA,NA,NA,NA,NA,NA,NA,NA,NA
"daintree","oliver","lasstr",1,"simple",1.15,2370,5.537e-05,0.50781,"5.6742E-01","a",45,"8.5451E+00",0.1095,0.0501,0.1596,0.2368,0.133,0.3698,4276.8,2402.1,6678.8,1.8049,2.8186,0.0052622,0.0024333,0.0076956,0.0082178,0.0035467,0.011764,95.039,148.42,0.040108,0.6838,0.69853,12350,12616
"daintree","oliver","lasstr",1,"simple",1.15,2370,5.537e-05,0.50781,"5.6742E-01","e",1000,"5.0265E+01",17.582,2.9948,20.577,0.8327,5.3676,6.2003,15039,96942,111980,6.3468,47.258,0.0008327,0.017582,0.018415,0.0062003,0.020577,0.026778,15.039,111.98,0.0063468,0.045218,0.23155,816.67,4181.9
"daintree","oliver","lasstr",2,"simple",1,3706,5.143e-05,0.3934,"5.6348E-01","0",0,"5.3093E+00",0,0,0,0,0,0,0,0,0,0,0,NA,NA,NA,NA,NA,NA,NA,NA,NA,NA,NA,NA,NA
"daintree","oliver","lasstr",2,"simple",1,3706,5.143e-05,0.3934,"5.6348E-01","a",125,"6.1575E+00",2.686,0,2.686,0.953,0,0.953,18530,0,18530,5,5,0.007624,0.021488,0.029112,0.007624,0.021488,0.029112,148.24,148.24,0.04,0.26189,0.26189,5092.1,5092.1
"daintree","oliver","lasstr",2,"simple",1,3706,5.143e-05,0.3934,"5.6348E-01","e",1000,"7.5964E+01",16.497,2.3455,18.843,1.4098,3.009,4.4188,27412,58507,85919,7.3966,23.184,0.0014098,0.016497,0.017907,0.0044188,0.018843,0.023262,27.412,85.919,0.0073966,0.078729,0.18996,1530.8,3693.6
"daintree","oliver","lasstr",3,"simple",1,3864,5.931e-05,0.44049,"5.3733E-01","0",0,"7.4770E+00",0,0,0,0,0,0,0,0,0,0,0,NA,NA,NA,NA,NA,NA,NA,NA,NA,NA,NA,NA,NA
"daintree","oliver","lasstr",3,"simple",1,3864,5.931e-05,0.44049,"5.3733E-01","a",90,"1.0446E+01",0.2908,0,0.2908,0.7401,0,0.7401,12479,0,12479,3.2295,3.2295,0.0082233,0.0032311,0.011454,0.0082233,0.0032311,0.011454,138.65,138.65,0.035884,0.71792,0.71792,12105,12105
"daintree","oliver","lasstr",3,"simple",1,3864,5.931e-05,0.44049,"5.3733E-01","e",960,"8.3323E+01",22.245,4.3224,26.567,1.3845,9.9123,11.297,23344,167130,190480,6.0415,49.295,0.0014422,0.023172,0.024614,0.011768,0.027674,0.039442,24.317,198.41,0.0062932,0.058593,0.29835,987.93,5030.5
"daintree","crane","litlee",1,"simple",NA,7237,0.0001158,0.4694,"5.2104E-01","0",0,"6.4795E+00",0,0,0,0,0,0,0,0,0,0,0,NA,NA,NA,NA,NA,NA,NA,NA,NA,NA,NA,NA,NA
"daintree","crane","litlee",1,"simple",NA,7237,0.0001158,0.4694,"5.2104E-01","a",150,"9.8960E+00",0.5347,0.1151,0.6498,4.108,0.9793,5.0873,35474,8456.7,43931,4.9016,6.07,0.027387,0.0035647,0.030951,0.033915,0.004332,0.038247,236.49,292.87,0.032677,0.88483,0.88674,7640.9,7657.3
"daintree","crane","litlee",1,"simple",NA,7237,0.0001158,0.4694,"5.2104E-01","e",1000,"2.0346E+02",42.739,88.432,131.17,4.7283,244.2,248.92,40831,2108700,2149600,5.6417,297.01,0.0047283,0.042739,0.047468,0.24892,0.13117,0.38009,40.831,2149.6,0.0056417,0.099611,0.6549,860.18,5655.3
"daintree","crane","litlee",2,"simple",NA,1239,0.0001366,0.52611,"5.7645E-01","0",0,"4.1233E+00",0,0,0,0,0,0,0,0,0,0,0,NA,NA,NA,NA,NA,NA,NA,NA,NA,NA,NA,NA,NA
"daintree","crane","litlee",2,"simple",NA,1239,0.0001366,0.52611,"5.7645E-01","a",135,"1.2881E+01",0.798,0.163,0.961,0.5628,1.9728,2.5356,4119.5,14440,18560,3.3253,14.981,0.0041689,0.0059111,0.01008,0.018782,0.0071185,0.025901,30.515,137.48,0.024632,0.41358,0.72516,3027.3,5307.9
"daintree","crane","litlee",2,"simple",NA,1239,0.0001366,0.52611,"5.7645E-01","e",1000,"2.8652E+02",53.794,140.78,194.57,0.5628,204.1,204.66,4119.5,1493900,1498000,3.3253,1209.2,0.0005628,0.053794,0.054357,0.20466,0.19457,0.39923,4.1195,1498,0.0033253,0.010354,0.51264,75.786,3752.3
"daintree","crane","litlee",3,"simple",NA,3276,0.0001369,0.5573,"5.0515E-01","0",0,"8.1681E+00",0,0,0,0,0,0,0,0,0,0,0,NA,NA,NA,NA,NA,NA,NA,NA,NA,NA,NA,NA,NA
"daintree","crane","litlee",3,"simple",NA,3276,0.0001369,0.5573,"5.0515E-01","a",220,"2.4622E+01",1.962,0.1587,2.1207,3.786,0.8402,4.6262,27664,6139.4,33804,8.4452,10.319,0.017209,0.0089182,0.026127,0.021028,0.0096395,0.030668,125.75,153.65,0.038387,0.65866,0.68568,4812.9,5010.3
"daintree","crane","litlee",3,"simple",NA,3276,0.0001369,0.5573,"5.0515E-01","e",1000,"2.4865E+02",65.346,108.14,173.48,3.786,216.84,220.63,27664,1584500,1612100,8.4452,492.15,0.003786,0.065346,0.069132,0.22063,0.17348,0.39411,27.664,1612.1,0.0084452,0.054765,0.55981,400.17,4090.5
"daintree","cape","mactan",1,"simple",8,30390,0.000103,0.26564,"3.9109E-01","0",0,"4.5357E+01",0,0,0,0,0,0,0,0,0,0,0,NA,NA,NA,NA,NA,NA,NA,NA,NA,NA,NA,NA,NA
"daintree","cape","mactan",1,"simple",8,30390,0.000103,0.26564,"3.9109E-01","a",125,"1.0644E+02",3.936,0,3.936,19.818,0,19.818,192340,0,192340,6.3289,6.3289,0.15854,0.031488,0.19003,0.15854,0.031488,0.19003,1538.7,1538.7,0.050631,0.8343,0.8343,8097.3,8097.3
"daintree","cape","mactan",1,"simple",8,30390,0.000103,0.26564,"3.9109E-01","e",1000,"2.8199E+02",63.477,0,63.477,82.45,0,82.45,800220,0,800220,26.331,26.331,0.08245,0.063477,0.14593,0.08245,0.063477,0.14593,800.22,800.22,0.026331,0.56501,0.56501,5483.7,5483.7
"daintree","cape","mactan",2,"simple",6,45340,9.99e-05,0.24831,"2.8321E-01","0",0,"6.5596E+01",0,0,0,0,0,0,0,0,0,0,0,NA,NA,NA,NA,NA,NA,NA,NA,NA,NA,NA,NA,NA
"daintree","cape","mactan",2,"simple",6,45340,9.99e-05,0.24831,"2.8321E-01","a",125,"1.4313E+02",4.432,0,4.432,18.969,0,18.969,189890,0,189890,4.188,4.188,0.15175,0.035456,0.18721,0.15175,0.035456,0.18721,1519.1,1519.1,0.033504,0.81061,0.81061,8114.5,8114.5
"daintree","cape","mactan",2,"simple",6,45340,9.99e-05,0.24831,"2.8321E-01","e",1000,"3.4099E+02",74.129,0,74.129,97.985,0,97.985,980870,0,980870,21.634,21.634,0.097985,0.074129,0.17211,0.097985,0.074129,0.17211,980.87,980.87,0.021634,0.5693,0.5693,5698.9,5698.9
"daintree","cape","mactan",3,"simple",4.5,64300,0.0001079,0.25449,"3.6952E-01","0",0,"4.0707E+01",0,0,0,0,0,0,0,0,0,0,0,NA,NA,NA,NA,NA,NA,NA,NA,NA,NA,NA,NA,NA
"daintree","cape","mactan",3,"simple",4.5,64300,0.0001079,0.25449,"3.6952E-01","a",125,"1.4610E+02",2.9919,0,2.9919,14.114,0,14.114,130850,0,130850,2.0351,2.0351,0.11291,0.023935,0.13685,0.11291,0.023935,0.13685,1046.8,1046.8,0.016281,0.8251,0.8251,7649.6,7649.6
"daintree","cape","mactan",3,"simple",4.5,64300,0.0001079,0.25449,"3.6952E-01","e",1000,"3.0310E+02",66.256,0,66.256,123.89,0,123.89,1148600,0,1148600,17.863,17.863,0.12389,0.066256,0.19014,0.12389,0.066256,0.19014,1148.6,1148.6,0.017863,0.65154,0.65154,6040.5,6040.5
"daintree","crane","malmol",1,"simple",8,10470,7.142e-05,0.2777,"3.8743E-01","0",0,"7.9168E+00",0,0,0,0,0,0,0,0,0,0,0,NA,NA,NA,NA,NA,NA,NA,NA,NA,NA,NA,NA,NA
"daintree","crane","malmol",1,"simple",8,10470,7.142e-05,0.2777,"3.8743E-01","a",125,"1.6823E+01",0.6589,0,0.6589,3.07,0,3.07,42987,0,42987,4.1045,4.1045,0.02456,0.0052712,0.029831,0.02456,0.0052712,0.029831,343.9,343.9,0.032836,0.8233,0.8233,11528,11528
"daintree","crane","malmol",1,"simple",8,10470,7.142e-05,0.2777,"3.8743E-01","e",1000,"1.0933E+02",17.589,4.3591,21.948,15.652,32.757,48.409,219170,458680,677850,20.926,64.721,0.015652,0.017589,0.033241,0.048409,0.021948,0.070357,219.17,677.85,0.020926,0.47087,0.68805,6593.3,9634.3
"daintree","crane","malmol",2,"simple",9,21580,6.276e-05,0.22047,"3.6056E-01","0",0,"1.5928E+01",0,0,0,0,0,0,0,0,0,0,0,NA,NA,NA,NA,NA,NA,NA,NA,NA,NA,NA,NA,NA
"daintree","crane","malmol",2,"simple",9,21580,6.276e-05,0.22047,"3.6056E-01","a",125,"2.4740E+01",0.3654,0,0.3654,2.678,0,2.678,42668,0,42668,1.977,1.977,0.021424,0.0029232,0.024347,0.021424,0.0029232,0.024347,341.34,341.34,0.015816,0.87994,0.87994,14020,14020
"daintree","crane","malmol",2,"simple",9,21580,6.276e-05,0.22047,"3.6056E-01","e",1000,"1.5374E+02",17.661,12.265,29.925,25.169,34.008,59.177,401010,541830,942840,18.58,43.686,0.025169,0.017661,0.04283,0.059177,0.029925,0.089102,401.01,942.84,0.01858,0.58765,0.66414,9362.8,10582
"daintree","crane","malmol",3,"simple",5,18090,5.366e-05,0.21146,"3.6762E-01","0",0,"9.6133E+00",0,0,0,0,0,0,0,0,0,0,0,NA,NA,NA,NA,NA,NA,NA,NA,NA,NA,NA,NA,NA
"daintree","crane","malmol",3,"simple",5,18090,5.366e-05,0.21146,"3.6762E-01","a",130,"1.0147E+01",0.2845,0,0.2845,1.156,0,1.156,21541,0,21541,1.1906,1.1906,0.0088923,0.0021885,0.011081,0.0088923,0.0021885,0.011081,165.7,165.7,0.0091585,0.8025,0.8025,14954,14954
"daintree","crane","malmol",3,"simple",5,18090,5.366e-05,0.21146,"3.6762E-01","e",1000,"9.9400E+01",15.705,6.9167,22.622,17.777,24.168,41.944,331260,450350,781600,18.309,43.2,0.017777,0.015705,0.033482,0.041944,0.022622,0.064566,331.26,781.6,0.018309,0.53093,0.64963,9893.6,12105
"daintree","oliver","medses",1,"simple",9.5,8858,0.0001097,0.43978,"6.1759E-01","0",0,"9.3462E+00",0,0,0,0,0,0,0,0,0,0,0,NA,NA,NA,NA,NA,NA,NA,NA,NA,NA,NA,NA,NA
"daintree","oliver","medses",1,"simple",9.5,8858,0.0001097,0.43978,"6.1759E-01","a",125,"1.1946E+01",0.458,0,0.458,4.4299,0,4.4299,40398,0,40398,4.5608,4.5608,0.035439,0.003664,0.039103,0.035439,0.003664,0.039103,323.18,323.18,0.036486,0.9063,0.9063,8264.9,8264.9
"daintree","oliver","medses",1,"simple",9.5,8858,0.0001097,0.43978,"6.1759E-01","e",1000,"6.2211E+01",21.624,11.046,32.67,17.872,14.647,32.519,162980,133570,296550,18.4,33.48,0.017872,0.021624,0.039496,0.032519,0.03267,0.065189,162.98,296.55,0.0184,0.4525,0.49884,4126.5,4549.1
"daintree","oliver","medses",2,"simple",3.2,9149,0.0001187,0.3867,"5.8066E-01","0",0,"2.0813E+01",0,0,0,0,0,0,0,0,0,0,0,NA,NA,NA,NA,NA,NA,NA,NA,NA,NA,NA,NA,NA
"daintree","oliver","medses",2,"simple",3.2,9149,0.0001187,0.3867,"5.8066E-01","a",125,"2.0829E+01",0.8452,0.8713,1.7165,4.103,1.5801,5.6831,34563,13311,47874,3.7779,5.2327,0.032824,0.0067616,0.039586,0.045465,0.013732,0.059197,276.51,382.99,0.030223,0.82919,0.76803,6985.1,6469.8
"daintree","oliver","medses",2,"simple",3.2,9149,0.0001187,0.3867,"5.8066E-01","e",1000,"8.8247E+01",29.438,28.501,57.939,35.317,72.34,107.66,297510,609390,906900,32.518,99.126,0.035317,0.029438,0.064755,0.10766,0.057939,0.1656,297.51,906.9,0.032518,0.54539,0.65012,4594.4,5476.6
"daintree","oliver","medses",3,"simple",4.9,6484,8.875e-05,0.55597,"6.7242E-01","0",0,"0.0000E+00",0,0,0,0,0,0,0,0,0,0,0,NA,NA,NA,NA,NA,NA,NA,NA,NA,NA,NA,NA,NA
"daintree","oliver","medses",3,"simple",4.9,6484,8.875e-05,0.55597,"6.7242E-01","a",65,"2.2894E+01",0.61,3.839,4.449,2.758,8.5314,11.289,31075,96127,127200,4.7926,19.618,0.042431,0.0093846,0.051815,0.17368,0.068446,0.24213,478.08,1957,0.073733,0.81888,0.71732,9226.7,8082.3
"daintree","oliver","medses",3,"simple",4.9,6484,8.875e-05,0.55597,"6.7242E-01","e",1000,"3.2201E+02",117.89,280,397.89,9.609,185.29,194.9,108270,2087800,2196000,16.698,338.69,0.009609,0.11789,0.1275,0.1949,0.39789,0.59279,108.27,2196,0.016698,0.075363,0.32879,849.14,3704.6
"daintree","kauri","melaff",1,"simple",4.5,3357,5.242e-05,0.41414,"4.7898E-01","0",0,"4.1548E+00",0,0,0,0,0,0,0,0,0,0,0,NA,NA,NA,NA,NA,NA,NA,NA,NA,NA,NA,NA,NA
"daintree","kauri","melaff",1,"simple",4.5,3357,5.242e-05,0.41414,"4.7898E-01","a",170,"5.7256E+00",0.5622,0,0.5622,0.9067,0,0.9067,17296,0,17296,5.1527,5.1527,0.0053335,0.0033071,0.0086406,0.0053335,0.0033071,0.0086406,101.74,101.74,0.03031,0.61726,0.61726,11775,11775
"daintree","kauri","melaff",1,"simple",4.5,3357,5.242e-05,0.41414,"4.7898E-01","e",1000,"7.9325E+01",15.551,31.373,46.924,0.9067,23.688,24.595,17296,451860,469160,5.1527,139.77,0.0009067,0.015551,0.016458,0.024595,0.046924,0.071519,17.296,469.16,0.0051527,0.055092,0.34389,1050.9,6559.9
"daintree","mt baldy","melaff",2,"simple",2.4,5347,4.379e-05,0.3138,"3.6140E-01","0",0,"3.2830E+00",0,0,0,0,0,0,0,0,0,0,0,NA,NA,NA,NA,NA,NA,NA,NA,NA,NA,NA,NA,NA
"daintree","mt baldy","melaff",2,"simple",2.4,5347,4.379e-05,0.3138,"3.6140E-01","a",95,"5.4978E+00",0.1587,0.0345,0.1932,0.3343,0.1423,0.4766,7634.1,3249.6,10884,1.4278,2.0356,0.0035189,0.0016705,0.0051895,0.0050168,0.0020337,0.0070505,80.359,114.56,0.01503,0.67809,0.71156,15485,16249
"daintree","mt baldy","melaff",2,"simple",2.4,5347,4.379e-05,0.3138,"3.6140E-01","e",1000,"7.6184E+01",12.49,13.326,25.816,2.4499,16.583,19.033,55946,378680,434630,10.464,81.289,0.0024499,0.01249,0.01494,0.019033,0.025816,0.044848,55.946,434.63,0.010464,0.16399,0.42438,3744.8,9691.1
"daintree","robson","melaff",3,"simple",2.4,3325,4.079e-05,0.29151,"3.4690E-01","0",0,"3.8013E+00",0,0,0,0,0,0,0,0,0,0,0,NA,NA,NA,NA,NA,NA,NA,NA,NA,NA,NA,NA,NA
"daintree","robson","melaff",3,"simple",2.4,3325,4.079e-05,0.29151,"3.4690E-01","a",220,"5.7256E+00",0.4668,0,0.4668,0.7753,0,0.7753,19009,0,19009,5.7176,5.7176,0.0035241,0.0021218,0.0056459,0.0035241,0.0021218,0.0056459,86.406,86.406,0.025989,0.62418,0.62418,15304,15304
"daintree","robson","melaff",3,"simple",2.4,3325,4.079e-05,0.29151,"3.4690E-01","e",1000,"6.5659E+01",11.936,15.165,27.101,0.7753,7.8991,8.6744,19009,193680,212690,5.7176,63.971,0.0007753,0.011936,0.012711,0.0086744,0.027101,0.035776,19.009,212.69,0.0057176,0.060994,0.24247,1495.5,5945
"daintree","robson","melell",1,"compound",11.91,16560,9.148e-05,0.33322,"3.5383E-01","0",0,"1.9297E+01",0,0,0,0,0,0,0,0,0,0,0,NA,NA,NA,NA,NA,NA,NA,NA,NA,NA,NA,NA,NA
"daintree","robson","melell",1,"compound",11.91,16560,9.148e-05,0.33322,"3.5383E-01","a",160,"4.1123E+01",2.244,1.4337,3.6777,5.4434,3.4303,8.8737,59503,37497,97000,3.5923,5.8561,0.034021,0.014025,0.048046,0.055461,0.022986,0.078446,371.89,606.25,0.022452,0.70809,0.70699,7740.3,7728.2
"daintree","robson","melell",1,"compound",11.91,16560,9.148e-05,0.33322,"3.5383E-01","e",1000,"3.3760E+02",59.732,86.147,145.88,13.915,134.09,148.01,152110,1465800,1617900,9.1831,97.676,0.013915,0.059732,0.073647,0.14801,0.14588,0.29389,152.11,1617.9,0.0091831,0.18894,0.50362,2065.4,5505.2
"daintree","k-tree","melell",2,"compound",9.82,21650,8.967e-05,0.28282,"3.2950E-01","0",0,"1.4923E+01",0,0,0,0,0,0,0,0,0,0,0,NA,NA,NA,NA,NA,NA,NA,NA,NA,NA,NA,NA,NA
"daintree","k-tree","melell",2,"compound",9.82,21650,8.967e-05,0.28282,"3.2950E-01","a",190,"2.8510E+01",1.373,0,1.373,2.0393,0,2.0393,22743,0,22743,1.0507,1.0507,0.010733,0.0072263,0.017959,0.010733,0.0072263,0.017959,119.7,119.7,0.0055299,0.59763,0.59763,6665,6665
"daintree","k-tree","melell",2,"compound",9.82,21650,8.967e-05,0.28282,"3.2950E-01","e",1000,"1.4376E+02",27.948,24.295,52.244,27.007,57.539,84.546,301190,641690,942890,13.915,43.56,0.027007,0.027948,0.054956,0.084546,0.052244,0.13679,301.19,942.89,0.013915,0.49144,0.61807,5480.7,6892.9
"daintree","robson","melell",3,"compound",5.5,25190,5.841e-05,0.29309,"3.1020E-01","0",0,"1.5669E+01",0,0,0,0,0,0,0,0,0,0,0,NA,NA,NA,NA,NA,NA,NA,NA,NA,NA,NA,NA,NA
"daintree","robson","melell",3,"compound",5.5,25190,5.841e-05,0.29309,"3.1020E-01","a",90,"1.7970E+01",0.4367,0,0.4367,3.1314,0,3.1314,53611,0,53611,2.1283,2.1283,0.034793,0.0048522,0.039646,0.034793,0.0048522,0.039646,595.68,595.68,0.023647,0.87761,0.87761,15025,15025
"daintree","robson","melell",3,"compound",5.5,25190,5.841e-05,0.29309,"3.1020E-01","e",1000,"2.5427E+02",48.945,58.414,107.36,5.5161,59.543,65.059,94438,1019400,1113800,3.749,44.218,0.0055161,0.048945,0.054461,0.065059,0.10736,0.17242,94.438,1113.8,0.003749,0.10128,0.37733,1734,6460.1
"daintree",NA,"myrins",1,"simple",NA,6626,0.0001139,0.3298,"4.1007E-01","0",0,"7.5398E+00",0,0,0,0,0,0,0,0,0,0,0,NA,NA,NA,NA,NA,NA,NA,NA,NA,NA,NA,NA,NA
"daintree",NA,"myrins",1,"simple",NA,6626,0.0001139,0.3298,"4.1007E-01","a",210,"1.3525E+01",0.7665,0,0.7665,3.8602,0,3.8602,33878,0,33878,5.1128,5.1128,0.018382,0.00365,0.022032,0.018382,0.00365,0.022032,161.32,161.32,0.024347,0.83433,0.83433,7322.2,7322.2
"daintree",NA,"myrins",1,"simple",NA,6626,0.0001139,0.3298,"4.1007E-01","e",1000,"1.8850E+02",28.221,34.664,62.884,7.4337,88.908,96.342,65239,780270,845510,9.846,127.6,0.0074337,0.028221,0.035654,0.096342,0.062884,0.15923,65.239,845.51,0.009846,0.20849,0.60506,1829.8,5310.1
"daintree",NA,"myrins",2,"simple",NA,10840,0.0001025,0.33945,"4.4258E-01","0",0,"8.2781E+00",0,0,0,0,0,0,0,0,0,0,0,NA,NA,NA,NA,NA,NA,NA,NA,NA,NA,NA,NA,NA
"daintree",NA,"myrins",2,"simple",NA,10840,0.0001025,0.33945,"4.4258E-01","a",140,"1.9227E+01",0.7219,0,0.7219,7.3489,0,7.3489,71674,0,71674,6.6149,6.6149,0.052492,0.0051564,0.057649,0.052492,0.0051564,0.057649,511.96,511.96,0.047249,0.91055,0.91055,8880.7,8880.7
"daintree",NA,"myrins",2,"simple",NA,10840,0.0001025,0.33945,"4.4258E-01","e",1000,"1.7318E+02",30.285,26.303,56.587,13.766,101.85,115.62,134260,993380,1127600,12.391,104.07,0.013766,0.030285,0.044051,0.11562,0.056587,0.17221,134.26,1127.6,0.012391,0.31251,0.6714,3047.9,6548.2
"daintree",NA,"myrins",3,"simple",NA,7675,0.0001002,0.30275,"3.8685E-01","0",0,"6.1575E+00",0,0,0,0,0,0,0,0,0,0,0,NA,NA,NA,NA,NA,NA,NA,NA,NA,NA,NA,NA,NA
"daintree",NA,"myrins",3,"simple",NA,7675,0.0001002,0.30275,"3.8685E-01","a",230,"1.8473E+01",1.071,0,1.071,6.2756,0,6.2756,62644,0,62644,8.1621,8.1621,0.027285,0.0046565,0.031942,0.027285,0.0046565,0.031942,272.37,272.37,0.035488,0.85422,0.85422,8527,8527
"daintree",NA,"myrins",3,"simple",NA,7675,0.0001002,0.30275,"3.8685E-01","e",1000,"1.2967E+02",25.106,24.578,49.684,13.585,82.747,96.332,135600,826000,961600,17.668,125.29,0.013585,0.025106,0.03869,0.096332,0.049684,0.14602,135.6,961.6,0.017668,0.35111,0.65974,3504.9,6585.6
"daintree","robson","neodea",1,"simple",8.5,5084,9.087e-05,0.31873,"3.7074E-01","0",0,"7.0372E+00",0,0,0,0,0,0,0,0,0,0,0,NA,NA,NA,NA,NA,NA,NA,NA,NA,NA,NA,NA,NA
"daintree","robson","neodea",1,"simple",8.5,5084,9.087e-05,0.31873,"3.7074E-01","a",125,"1.2237E+01",0.4264,0,0.4264,2.417,0,2.417,26597,0,26597,5.2316,5.2316,0.019336,0.0034112,0.022747,0.019336,0.0034112,0.022747,212.78,212.78,0.041853,0.85004,0.85004,9354.1,9354.1
"daintree","robson","neodea",1,"simple",8.5,5084,9.087e-05,0.31873,"3.7074E-01","e",1000,"7.0136E+01",15.477,11.774,27.251,9.903,19.974,29.877,108980,219800,328780,21.435,64.669,0.009903,0.015477,0.02538,0.029877,0.027251,0.057128,108.98,328.78,0.021435,0.39019,0.52299,4293.8,5755.1
"daintree","robson","neodea",2,"simple",6,5337,9.103e-05,0.31656,"3.5587E-01","0",0,"6.4795E+00",0,0,0,0,0,0,0,0,0,0,0,NA,NA,NA,NA,NA,NA,NA,NA,NA,NA,NA,NA,NA
"daintree","robson","neodea",2,"simple",6,5337,9.103e-05,0.31656,"3.5587E-01","a",125,"9.8960E+00",0.3835,0,0.3835,1.8137,0,1.8137,19925,0,19925,3.7332,3.7332,0.01451,0.003068,0.017578,0.01451,0.003068,0.017578,159.4,159.4,0.029865,0.82546,0.82546,9068.4,9068.4
"daintree","robson","neodea",2,"simple",6,5337,9.103e-05,0.31656,"3.5587E-01","e",1000,"1.3067E+02",22.571,48.353,70.924,8.2016,91.648,99.85,90102,1006800,1096900,16.882,205.52,0.0082016,0.022571,0.030772,0.09985,0.070924,0.17077,90.102,1096.9,0.016882,0.26653,0.58469,2928,6423.4
"daintree","robson","neodea",3,"simple",6.5,5263,9.676e-05,0.32495,"3.8722E-01","0",0,"6.5973E+00",0,0,0,0,0,0,0,0,0,0,0,NA,NA,NA,NA,NA,NA,NA,NA,NA,NA,NA,NA,NA
"daintree","robson","neodea",3,"simple",6.5,5263,9.676e-05,0.32495,"3.8722E-01","a",125,"9.6211E+00",0.3272,0,0.3272,1.319,0,1.319,13631,0,13631,2.5898,2.5898,0.010552,0.0026176,0.01317,0.010552,0.0026176,0.01317,109.05,109.05,0.020719,0.80124,0.80124,8280.4,8280.4
"daintree","robson","neodea",3,"simple",6.5,5263,9.676e-05,0.32495,"3.8722E-01","e",1000,"9.0713E+01",18.731,17.81,36.541,6.8299,28.189,35.019,70583,291320,361900,13.41,68.759,0.0068299,0.018731,0.025561,0.035019,0.036541,0.07156,70.583,361.9,0.01341,0.2672,0.48936,2761.4,5057.3
"daintree","robson","omanov",1,"simple",9.5,11870,8.649e-05,0.17079,"3.1679E-01","0",0,"1.0721E+01",0,0,0,0,0,0,0,0,0,0,0,NA,NA,NA,NA,NA,NA,NA,NA,NA,NA,NA,NA,NA
"daintree","robson","omanov",1,"simple",9.5,11870,8.649e-05,0.17079,"3.1679E-01","a",95,"4.2412E+01",0.2636,0,0.2636,4.5302,0,4.5302,52380,0,52380,4.4125,4.4125,0.047686,0.0027747,0.050461,0.047686,0.0027747,0.050461,551.37,551.37,0.046448,0.94501,0.94501,10927,10927
"daintree","robson","omanov",1,"simple",9.5,11870,8.649e-05,0.17079,"3.1679E-01","e",1000,"1.6279E+02",25.795,19.339,45.134,10.753,40.168,50.921,124330,464440,588770,10.474,49.599,0.010753,0.025795,0.036548,0.050921,0.045134,0.096055,124.33,588.77,0.010474,0.29422,0.53012,3401.8,6129.5
"daintree","mt edith","omanov",2,"simple",5.24,5702,8.23e-05,0.18621,"2.8278E-01","0",0,"8.8122E+00",0,0,0,0,0,0,0,0,0,0,0,NA,NA,NA,NA,NA,NA,NA,NA,NA,NA,NA,NA,NA
"daintree","mt edith","omanov",2,"simple",5.24,5702,8.23e-05,0.18621,"2.8278E-01","a",130,"1.9635E+01",0.4526,0,0.4526,1.991,0,1.991,24192,0,24192,4.2428,4.2428,0.015315,0.0034815,0.018797,0.015315,0.0034815,0.018797,186.1,186.1,0.032637,0.81478,0.81478,9900.3,9900.3
"daintree","mt edith","omanov",2,"simple",5.24,5702,8.23e-05,0.18621,"2.8278E-01","e",1000,"2.2290E+02",24.122,34.045,58.167,1.991,16.638,18.629,24192,202160,226360,4.2428,39.698,0.001991,0.024122,0.026113,0.018629,0.058167,0.076795,24.192,226.36,0.0042428,0.076247,0.24258,926.46,2947.5
"daintree","mt edith","omanov",3,"simple",11.9,14470,7.584e-05,0.14714,"3.1261E-01","0",0,"1.3854E+01",0,0,0,0,0,0,0,0,0,0,0,NA,NA,NA,NA,NA,NA,NA,NA,NA,NA,NA,NA,NA
"daintree","mt edith","omanov",3,"simple",11.9,14470,7.584e-05,0.14714,"3.1261E-01","a",125,"2.1237E+01",0.4538,0,0.4538,2.0758,0,2.0758,27372,0,27372,1.8912,1.8912,0.016606,0.0036304,0.020237,0.016606,0.0036304,0.020237,218.97,218.97,0.01513,0.8206,0.8206,10821,10821
"daintree","mt edith","omanov",3,"simple",11.9,14470,7.584e-05,0.14714,"3.1261E-01","e",1000,"8.9080E+01",13.167,3.027,16.194,13.913,14.935,28.848,183460,196930,380400,12.676,26.283,0.013913,0.013167,0.02708,0.028848,0.016194,0.045042,183.46,380.4,0.012676,0.51379,0.64048,6774.8,8445.3
"daintree","crane","pitrub",1,"simple",2.3,5666,7.254e-05,0.57652,"6.8443E-01","0",0,"7.5398E+00",0,0,0,0,0,0,0,0,0,0,0,NA,NA,NA,NA,NA,NA,NA,NA,NA,NA,NA,NA,NA
"daintree","crane","pitrub",1,"simple",2.3,5666,7.254e-05,0.57652,"6.8443E-01","a",125,"8.0425E+00",1.3125,0,1.3125,4.489,0,4.489,61881,0,61881,10.922,10.922,0.035912,0.0105,0.046412,0.035912,0.0105,0.046412,495.05,495.05,0.087377,0.77376,0.77376,10666,10666
"daintree","crane","pitrub",2,"simple",2.65,12410,6.003e-05,0.51176,"6.2834E-01","0",0,"4.7124E+00",0,0,0,0,0,0,0,0,0,0,0,NA,NA,NA,NA,NA,NA,NA,NA,NA,NA,NA,NA,NA
"daintree","crane","pitrub",2,"simple",2.65,12410,6.003e-05,0.51176,"6.2834E-01","a",125,"5.1051E+00",0.4192,0,0.4192,1.958,0,1.958,32619,0,32619,2.6276,2.6276,0.015664,0.0033536,0.019018,0.015664,0.0033536,0.019018,260.95,260.95,0.021021,0.82366,0.82366,13722,13722
"daintree","crane","pitrub",2,"simple",2.65,12410,6.003e-05,0.51176,"6.2834E-01","e",1000,"4.3001E+01",13.964,4.4832,18.447,16.15,9.453,25.603,269050,157480,426530,21.673,34.359,0.01615,0.013964,0.030114,0.025603,0.018447,0.04405,269.05,426.53,0.021673,0.53631,0.58123,8934.5,9682.9
"daintree","crane","pitrub",3,"simple",2.8,11710,6.167e-05,0.51241,"6.5707E-01","0",0,"9.6211E+00",0,0,0,0,0,0,0,0,0,0,0,NA,NA,NA,NA,NA,NA,NA,NA,NA,NA,NA,NA,NA
"daintree","crane","pitrub",3,"simple",2.8,11710,6.167e-05,0.51241,"6.5707E-01","a",125,"9.6211E+00",0.684,0,0.684,4.6941,0,4.6941,76114,0,76114,6.4982,6.4982,0.037553,0.005472,0.043025,0.037553,0.005472,0.043025,608.91,608.91,0.051986,0.87282,0.87282,14153,14153
"daintree","crane","pitrub",3,"simple",2.8,11710,6.167e-05,0.51241,"6.5707E-01","e",1000,"6.3617E+01",18.997,9.065,28.062,7.1243,5.967,13.091,115520,96753,212270,9.8624,18.123,0.0071243,0.018997,0.026122,0.013091,0.028062,0.041154,115.52,212.27,0.0098624,0.27274,0.31811,4422.4,5158.1
"daintree","k-tree","polaus",1,"compound",11.32,75540,0.0001081,0.30918,"4.0910E-01","0",0,"1.0387E+02",0,0,0,0,0,0,0,0,0,0,0,NA,NA,NA,NA,NA,NA,NA,NA,NA,NA,NA,NA,NA
"daintree","k-tree","polaus",1,"compound",11.32,75540,0.0001081,0.30918,"4.0910E-01","a",125,"1.6171E+02",4.1098,0,4.1098,62.13,0,62.13,574490,0,574490,7.6056,7.6056,0.49704,0.032878,0.52992,0.49704,0.032878,0.52992,4595.9,4595.9,0.060845,0.93796,0.93796,8672.9,8672.9
"daintree","k-tree","polaus",1,"compound",11.32,75540,0.0001081,0.30918,"4.0910E-01","e",1000,"4.0828E+02",102.39,0,102.39,178.82,0,178.82,1653400,0,1653400,21.889,21.889,0.17882,0.10239,0.28121,0.17882,0.10239,0.28121,1653.4,1653.4,0.021889,0.63588,0.63588,5879.7,5879.7
"daintree","k-tree","polaus",2,"compound",5.5,66100,0.0001037,0.29522,"4.2244E-01","0",0,"1.5837E+02",0,0,0,0,0,0,0,0,0,0,0,NA,NA,NA,NA,NA,NA,NA,NA,NA,NA,NA,NA,NA
"daintree","k-tree","polaus",2,"compound",5.5,66100,0.0001037,0.29522,"4.2244E-01","a",125,"1.7671E+02",5.185,0,5.185,63.937,0,63.937,616830,0,616830,9.3313,9.3313,0.51149,0.04148,0.55297,0.51149,0.04148,0.55297,4934.7,4934.7,0.07465,0.92499,0.92499,8923.9,8923.9
"daintree","k-tree","polaus",2,"compound",5.5,66100,0.0001037,0.29522,"4.2244E-01","e",1000,"4.5996E+02",141.19,0,141.19,313.26,0,313.26,3022200,0,3022200,45.719,45.719,0.31326,0.14119,0.45445,0.31326,0.14119,0.45445,3022.2,3022.2,0.045719,0.68932,0.68932,6650.3,6650.3
"daintree","k-tree","polaus",3,"compound",3.5,105600,0.0001255,0.26767,"3.5438E-01","0",0,"2.1382E+02",0,0,0,0,0,0,0,0,0,0,0,NA,NA,NA,NA,NA,NA,NA,NA,NA,NA,NA,NA,NA
"daintree","k-tree","polaus",3,"compound",3.5,105600,0.0001255,0.26767,"3.5438E-01","a",125,"2.4606E+02",7.642,0,7.642,77.706,0,77.706,619130,0,619130,5.8631,5.8631,0.62165,0.061136,0.68279,0.62165,0.061136,0.68279,4953,4953,0.046905,0.91046,0.91046,7254.1,7254.1
"daintree","k-tree","polaus",3,"compound",3.5,105600,0.0001255,0.26767,"3.5438E-01","e",1000,"4.7320E+02",121.73,0,121.73,367.13,0,367.13,2925100,0,2925100,27.701,27.701,0.36713,0.12173,0.48886,0.36713,0.12173,0.48886,2925.1,2925.1,0.027701,0.75099,0.75099,5983.6,5983.6
"daintree","crane","psydal",1,"simple",2.4,1973,8e-05,0.44887,"5.4260E-01","0",0,"1.7593E+00",0,0,0,0,0,0,0,0,0,0,0,NA,NA,NA,NA,NA,NA,NA,NA,NA,NA,NA,NA,NA
"daintree","crane","psydal",1,"simple",2.4,1973,8e-05,0.44887,"5.4260E-01","a",175,"3.6285E+00",0.3188,0,0.3188,1.0231,0,1.0231,12789,0,12789,6.4808,6.4808,0.0058463,0.0018217,0.007668,0.0058463,0.0018217,0.007668,73.078,73.078,0.037033,0.76243,0.76243,9530.3,9530.3
"daintree","crane","psydal",1,"simple",2.4,1973,8e-05,0.44887,"5.4260E-01","e",1000,"4.7713E+01",14.096,7.5607,21.657,7.1049,16.685,23.79,88811,208560,297370,45.006,150.7,0.0071049,0.014096,0.021201,0.02379,0.021657,0.045447,88.811,297.37,0.045006,0.33512,0.52347,4189,6543.4
"daintree",NA,"psydal",2,"simple",1.53,2831,7.83e-05,0,"5.6939E-01","0",0,"1.7671E+00",0,0,0,0,0,0,0,0,0,0,0,NA,NA,NA,NA,NA,NA,NA,NA,NA,NA,NA,NA,NA
"daintree",NA,"psydal",2,"simple",1.53,2831,7.83e-05,0,"5.6939E-01","a",200,"8.8122E+00",0.5144,0,0.5144,2.071,0,2.071,26450,0,26450,9.3429,9.3429,0.010355,0.002572,0.012927,0.010355,0.002572,0.012927,132.25,132.25,0.046714,0.80104,0.80104,10231,10231
"daintree",NA,"psydal",2,"simple",1.53,2831,7.83e-05,0,"5.6939E-01","e",1000,"6.1418E+01",15.569,6.2431,21.812,5.7675,13.162,18.929,73661,168100,241760,26.019,85.395,0.0057675,0.015569,0.021336,0.018929,0.021812,0.040741,73.661,241.76,0.026019,0.27032,0.46463,3452.4,5934.1
"daintree","crane","psydal",3,"simple",2.2,2681,7.934e-05,0.49231,"5.4458E-01","0",0,"",0,0,0,0,0,0,0,0,0,0,0,NA,NA,NA,NA,NA,NA,NA,NA,NA,NA,NA,NA,NA
"daintree","crane","psydal",3,"simple",2.2,2681,7.934e-05,0.49231,"5.4458E-01","a",80,"2.3562E+00",0.0803,0,0.0803,1.2113,0,1.2113,15268,0,15268,5.694,5.694,0.015141,0.0010038,0.016145,0.015141,0.0010038,0.016145,190.85,190.85,0.071175,0.93783,0.93783,11821,11821
"daintree","crane","psydal",3,"simple",2.2,2681,7.934e-05,0.49231,"5.4458E-01","e",1000,"5.3454E+01",13.064,6.8733,19.938,5.7661,10.102,15.868,72679,127330,200010,27.105,74.592,0.0057661,0.013064,0.018831,0.015868,0.019938,0.035806,72.679,200.01,0.027105,0.30621,0.44317,3859.6,5586
"daintree","robson","psyspp",1,"simple",2.9,6135,0.0001021,0.40741,"3.9824E-01","0",0,"1.4491E+01",0,0,0,0,0,0,0,0,0,0,0,NA,NA,NA,NA,NA,NA,NA,NA,NA,NA,NA,NA,NA
"daintree","robson","psyspp",1,"simple",2.9,6135,0.0001021,0.40741,"3.9824E-01","a",120,"2.8274E+01",1.3081,0,1.3081,8.2615,0,8.2615,80896,0,80896,13.187,13.187,0.068846,0.010901,0.079747,0.068846,0.010901,0.079747,674.14,674.14,0.10989,0.86331,0.86331,8453.5,8453.5
"daintree","robson","psyspp",1,"simple",2.9,6135,0.0001021,0.40741,"3.9824E-01","e",1000,"7.6969E+01",23.414,0,23.414,8.2615,0,8.2615,80896,0,80896,13.187,13.187,0.0082615,0.023414,0.031676,0.0082615,0.023414,0.031676,80.896,80.896,0.013187,0.26082,0.26082,2553.9,2553.9
"daintree","robson","psyspp",2,"simple",1.7,13030,0.0001286,0.38286,"6.8056E-01","0",0,"2.3476E+01",0,0,0,0,0,0,0,0,0,0,0,NA,NA,NA,NA,NA,NA,NA,NA,NA,NA,NA,NA,NA
"daintree","robson","psyspp",2,"simple",1.7,13030,0.0001286,0.38286,"6.8056E-01","a",125,"3.0183E+01",1.0367,0,1.0367,9.3305,0,9.3305,72565,0,72565,5.5688,5.5688,0.074644,0.0082936,0.082938,0.074644,0.0082936,0.082938,580.52,580.52,0.04455,0.9,0.9,6999.5,6999.5
"daintree","robson","psyspp",2,"simple",1.7,13030,0.0001286,0.38286,"6.8056E-01","e",1000,"",24.026,0,24.026,24.576,0,24.576,191130,0,191130,14.668,14.668,0.024576,0.024026,0.048601,0.024576,0.024026,0.048601,191.13,191.13,0.014668,0.50566,0.50566,3932.6,3932.6
"daintree","robson","psyspp",3,"simple",1.5,14310,9.195e-05,0.32451,"3.9083E-01","0",0,"2.3169E+01",0,0,0,0,0,0,0,0,0,0,0,NA,NA,NA,NA,NA,NA,NA,NA,NA,NA,NA,NA,NA
"daintree","robson","psyspp",3,"simple",1.5,14310,9.195e-05,0.32451,"3.9083E-01","a",125,"2.3311E+01",0.8171,0,0.8171,8.8624,0,8.8624,96385,0,96385,6.7371,6.7371,0.070899,0.0065368,0.077436,0.070899,0.0065368,0.077436,771.08,771.08,0.053897,0.91558,0.91558,9957.7,9957.7
"daintree","robson","psyspp",3,"simple",1.5,14310,9.195e-05,0.32451,"3.9083E-01","e",1000,"9.6737E+01",23.996,0,23.996,8.8624,0,8.8624,96385,0,96385,6.7371,6.7371,0.0088624,0.023996,0.032859,0.0088624,0.023996,0.032859,96.385,96.385,0.0067371,0.26971,0.26971,2933.3,2933.3
"daintree","oliver","quabai",1,"simple",13,7729,9.811e-05,0.38998,"4.6655E-01","0",0,"1.8857E+01",0,0,0,0,0,0,0,0,0,0,0,NA,NA,NA,NA,NA,NA,NA,NA,NA,NA,NA,NA,NA
"daintree","oliver","quabai",1,"simple",13,7729,9.811e-05,0.38998,"4.6655E-01","a",125,"3.6317E+01",1.1845,0,1.1845,4.6667,0,4.6667,47568,0,47568,6.1547,6.1547,0.037334,0.009476,0.04681,0.037334,0.009476,0.04681,380.54,380.54,0.049238,0.79756,0.79756,8129.6,8129.6
"daintree","oliver","quabai",1,"simple",13,7729,9.811e-05,0.38998,"4.6655E-01","e",1000,"1.5387E+02",17.989,9.897,27.886,20.723,13.995,34.718,211230,142650,353880,27.33,45.788,0.020723,0.017989,0.038712,0.034718,0.027886,0.062604,211.23,353.88,0.02733,0.53531,0.55456,5456.4,5652.7
"daintree","oliver","quabai",2,"simple",8.5,9808,7.987e-05,0.37147,"4.7941E-01","0",0,"2.8730E+01",0,0,0,0,0,0,0,0,0,0,0,NA,NA,NA,NA,NA,NA,NA,NA,NA,NA,NA,NA,NA
"daintree","oliver","quabai",2,"simple",8.5,9808,7.987e-05,0.37147,"4.7941E-01","a",125,"3.4204E+01",1.7056,0,1.7056,9.6711,0,9.6711,121090,0,121090,12.346,12.346,0.077369,0.013645,0.091014,0.077369,0.013645,0.091014,968.71,968.71,0.098764,0.85008,0.85008,10644,10644
"daintree","oliver","quabai",2,"simple",8.5,9808,7.987e-05,0.37147,"4.7941E-01","e",1000,"1.5607E+02",38.569,22.698,61.267,9.6711,50.761,60.432,121090,635570,756650,12.346,77.144,0.0096711,0.038569,0.04824,0.060432,0.061267,0.1217,121.09,756.65,0.012346,0.20048,0.49657,2510.2,6217.4
"daintree","oliver","quabai",3,"simple",6,11340,8.082e-05,0.34408,"4.3281E-01","0",0,"2.3688E+01",0,0,0,0,0,0,0,0,0,0,0,NA,NA,NA,NA,NA,NA,NA,NA,NA,NA,NA,NA,NA
"daintree","oliver","quabai",3,"simple",6,11340,8.082e-05,0.34408,"4.3281E-01","a",125,"3.5736E+01",1.3644,0,1.3644,10.025,0,10.025,124040,0,124040,10.942,10.942,0.0802,0.010915,0.091115,0.0802,0.010915,0.091115,992.31,992.31,0.087539,0.8802,0.8802,10891,10891
"daintree","oliver","quabai",3,"simple",6,11340,8.082e-05,0.34408,"4.3281E-01","e",1000,"1.6168E+02",36.659,35.516,72.175,10.025,62.703,72.728,124040,775810,899850,10.942,79.382,0.010025,0.036659,0.046684,0.072728,0.072175,0.1449,124.04,899.85,0.010942,0.21474,0.50191,2657,6210.1
"daintree","crane","rappor",1,"simple",2.8,7038,7.696e-05,0.35041,"4.8762E-01","0",0,"8.2938E+00",0,0,0,0,0,0,0,0,0,0,0,NA,NA,NA,NA,NA,NA,NA,NA,NA,NA,NA,NA,NA
"daintree","crane","rappor",1,"simple",2.8,7038,7.696e-05,0.35041,"4.8762E-01","a",160,"1.6242E+01",1.008,2.4056,3.4136,2.3279,3.855,6.1829,30247,50088,80335,4.2974,11.414,0.014549,0.0063,0.020849,0.038643,0.021335,0.059978,189.04,502.09,0.026859,0.69783,0.64429,9067,8371.3
"daintree","crane","rappor",1,"simple",2.8,7038,7.696e-05,0.35041,"4.8762E-01","e",1000,"1.1395E+02",30.605,11.032,41.637,18.456,18.7,37.156,239800,242970,482770,34.07,68.591,0.018456,0.030605,0.049061,0.037156,0.041637,0.078792,239.8,482.77,0.03407,0.37618,0.47157,4887.8,6127.1
"daintree","crane","rappor",2,"simple",1.8,5587,7.179e-05,0.39401,"6.5191E-01","0",0,"4.4925E+00",0,0,0,0,0,0,0,0,0,0,0,NA,NA,NA,NA,NA,NA,NA,NA,NA,NA,NA,NA,NA
"daintree","crane","rappor",2,"simple",1.8,5587,7.179e-05,0.39401,"6.5191E-01","a",90,"5.5135E+00",0.1936,0,0.1936,0.66,0,0.66,9193.5,0,9193.5,1.6456,1.6456,0.0073333,0.0021511,0.0094844,0.0073333,0.0021511,0.0094844,102.15,102.15,0.018285,0.7732,0.7732,10770,10770
"daintree","crane","rappor",2,"simple",1.8,5587,7.179e-05,0.39401,"6.5191E-01","e",1000,"8.5765E+01",28.877,9.548,38.425,4.782,19.589,24.371,66611,272870,339480,11.923,60.766,0.004782,0.028877,0.033659,0.024371,0.038425,0.062796,66.611,339.48,0.011923,0.14207,0.3881,1979,5406.1
"daintree","crane","rappor",3,"simple",1.8,5544,7.064e-05,0.53353,"5.6604E-01","0",0,"4.8381E+00",0,0,0,0,0,0,0,0,0,0,0,NA,NA,NA,NA,NA,NA,NA,NA,NA,NA,NA,NA,NA
"daintree","crane","rappor",3,"simple",1.8,5544,7.064e-05,0.53353,"5.6604E-01","a",110,"1.0744E+01",0.4625,0,0.4625,1.7299,0,1.7299,24489,0,24489,4.4171,4.4171,0.015726,0.0042045,0.019931,0.015726,0.0042045,0.019931,222.62,222.62,0.040156,0.78904,0.78904,11170,11170
"daintree","crane","rappor",3,"simple",1.8,5544,7.064e-05,0.53353,"5.6604E-01","e",1000,"1.3672E+02",43.957,12.193,56.15,1.7299,13.465,15.195,24489,190610,215100,4.4171,38.799,0.0017299,0.043957,0.045687,0.015195,0.05615,0.071345,24.489,215.1,0.0044171,0.037865,0.21298,536.01,3014.9
"daintree","k-tree","rhotri",1,"simple",5,2810,0.0001212,0.52431,"6.9890E-01","0",0,"2.1206E+00",0,0,0,0,0,0,0,0,0,0,0,NA,NA,NA,NA,NA,NA,NA,NA,NA,NA,NA,NA,NA
"daintree","k-tree","rhotri",1,"simple",5,2810,0.0001212,0.52431,"6.9890E-01","a",125,"4.5239E+00",0.2928,0,0.2928,1.625,0,1.625,13407,0,13407,4.7706,4.7706,0.013,0.0023424,0.015342,0.013,0.0023424,0.015342,107.25,107.25,0.038165,0.84733,0.84733,6990.7,6990.7
"daintree","k-tree","rhotri",1,"simple",5,2810,0.0001212,0.52431,"6.9890E-01","e",1000,"4.3008E+01",14.411,4.986,19.397,6.759,16.883,23.642,55764,139290,195050,19.843,69.407,0.006759,0.014411,0.02117,0.023642,0.019397,0.043039,55.764,195.05,0.019843,0.31928,0.54932,2634.1,4532
"daintree","k-tree","rhotri",2,"simple",8.5,3626,0.0001255,0.55919,"6.8502E-01","0",0,"2.5133E+00",0,0,0,0,0,0,0,0,0,0,0,NA,NA,NA,NA,NA,NA,NA,NA,NA,NA,NA,NA,NA
"daintree","k-tree","rhotri",2,"simple",8.5,3626,0.0001255,0.55919,"6.8502E-01","a",125,"4.3197E+00",0.2705,0.0848,0.3553,1.5494,0.0244,1.5738,12343,194.37,12537,3.4043,3.4579,0.012395,0.002164,0.014559,0.01259,0.0028424,0.015433,98.742,100.3,0.027234,0.85137,0.81582,6782.1,6499
"daintree","k-tree","rhotri",2,"simple",8.5,3626,0.0001255,0.55919,"6.8502E-01","e",1000,"4.9017E+01",18.14,5.9955,24.136,11.084,17.8,28.884,88295,141800,230090,24.353,63.462,0.011084,0.01814,0.029224,0.028884,0.024136,0.053019,88.295,230.09,0.024353,0.37927,0.54478,3021.3,4339.8
"daintree","k-tree","rhotri",3,"simple",11.59,3766,0.00014,0.56172,"7.2423E-01","0",0,"2.3091E+00",0,0,0,0,0,0,0,0,0,0,0,NA,NA,NA,NA,NA,NA,NA,NA,NA,NA,NA,NA,NA
"daintree","k-tree","rhotri",3,"simple",11.59,3766,0.00014,0.56172,"7.2423E-01","a",205,"5.3014E+00",0.601,0,0.601,2.0945,0,2.0945,14964,0,14964,3.9734,3.9734,0.010217,0.0029317,0.013149,0.010217,0.0029317,0.013149,72.994,72.994,0.019382,0.77704,0.77704,5551.4,5551.4
"daintree","k-tree","rhotri",3,"simple",11.59,3766,0.00014,0.56172,"7.2423E-01","e",1000,"4.5365E+01",15.386,14.083,29.469,8.2481,43.783,52.031,58927,312800,371730,15.647,98.706,0.0082481,0.015386,0.023634,0.052031,0.029469,0.0815,58.927,371.73,0.015647,0.34899,0.63842,2493.3,4561
"daintree","crane","rocang",1,"simple",NA,10710,0.0001025,0.3845,"4.5259E-01","0",0,"2.6861E+01",0,0,0,0,0,0,0,0,0,0,0,NA,NA,NA,NA,NA,NA,NA,NA,NA,NA,NA,NA,NA
"daintree","crane","rocang",1,"simple",NA,10710,0.0001025,0.3845,"4.5259E-01","a",125,"2.0829E+01",0.9982,0,0.9982,9.707,0,9.707,94732,0,94732,8.8487,8.8487,0.077656,0.0079856,0.085642,0.077656,0.0079856,0.085642,757.85,757.85,0.070789,0.90676,0.90676,8849.1,8849.1
"daintree","crane","rocang",1,"simple",NA,10710,0.0001025,0.3845,"4.5259E-01","e",1000,"1.2967E+02",27.154,21.705,48.859,25.799,38.247,64.046,251770,373260,625030,23.518,58.383,0.025799,0.027154,0.052953,0.064046,0.048859,0.1129,251.77,625.03,0.023518,0.4872,0.56725,4754.7,5535.9
"daintree","crane","rocang",2,"simple",NA,8543,0.0001207,0.34137,"4.4414E-01","0",0,"1.4451E+01",0,0,0,0,0,0,0,0,0,0,0,NA,NA,NA,NA,NA,NA,NA,NA,NA,NA,NA,NA,NA
"daintree","crane","rocang",2,"simple",NA,8543,0.0001207,0.34137,"4.4414E-01","a",125,"1.3525E+01",0.6485,0,0.6485,5.25,0,5.25,43485,0,43485,5.0903,5.0903,0.042,0.005188,0.047188,0.042,0.005188,0.047188,347.88,347.88,0.040723,0.89006,0.89006,7372.2,7372.2
"daintree","crane","rocang",2,"simple",NA,8543,0.0001207,0.34137,"4.4414E-01","e",1000,"7.9310E+01",22.294,6.6826,28.977,21.292,20.308,41.6,176360,168210,344570,20.644,40.335,0.021292,0.022294,0.043586,0.0416,0.028977,0.070577,176.36,344.57,0.020644,0.48851,0.58943,4046.2,4882.2
"daintree","crane","rocang",3,"simple",NA,12660,0.0001015,0.44277,"4.4193E-01","0",0,"1.5896E+01",0,0,0,0,0,0,0,0,0,0,0,NA,NA,NA,NA,NA,NA,NA,NA,NA,NA,NA,NA,NA
"daintree","crane","rocang",3,"simple",NA,12660,0.0001015,0.44277,"4.4193E-01","a",140,"1.3203E+01",0.7123,0,0.7123,5.6462,0,5.6462,55647,0,55647,4.3953,4.3953,0.04033,0.0050879,0.045418,0.04033,0.0050879,0.045418,397.48,397.48,0.031395,0.88798,0.88798,8751.5,8751.5
"daintree","crane","rocang",3,"simple",NA,12660,0.0001015,0.44277,"4.4193E-01","e",1000,"1.3273E+02",31.367,23.94,55.307,12.528,77.945,90.473,123470,768190,891670,9.7526,70.429,0.012528,0.031367,0.043895,0.090473,0.055307,0.14578,123.47,891.67,0.0097526,0.28541,0.62062,2812.9,6116.5
"daintree","k-tree","solmau",1,"simple",NA,10440,7.627e-05,0.28345,"3.2290E-01","0",0,"1.3203E+01",0,0,0,0,0,0,0,0,0,0,0,NA,NA,NA,NA,NA,NA,NA,NA,NA,NA,NA,NA,NA
"daintree","k-tree","solmau",1,"simple",NA,10440,7.627e-05,0.28345,"3.2290E-01","a",125,"2.1112E+01",0.5529,0,0.5529,3.3003,0,3.3003,43274,0,43274,4.1452,4.1452,0.026402,0.0044232,0.030826,0.026402,0.0044232,0.030826,346.19,346.19,0.033162,0.85651,0.85651,11231,11231
"daintree","k-tree","solmau",1,"simple",NA,10440,7.627e-05,0.28345,"3.2290E-01","e",1000,"1.9467E+02",31.73,25.753,57.483,4.6918,22.289,26.981,61519,292250,353770,5.893,33.888,0.0046918,0.03173,0.036421,0.026981,0.057483,0.084464,61.519,353.77,0.005893,0.12882,0.31944,1689.1,4188.5
"daintree","mt baldy","solmau",2,"simple",6.25,11250,0.0001023,0.22922,"3.5325E-01","0",0,"1.8850E+01",0,0,0,0,0,0,0,0,0,0,0,NA,NA,NA,NA,NA,NA,NA,NA,NA,NA,NA,NA,NA
"daintree","mt baldy","solmau",2,"simple",6.25,11250,0.0001023,0.22922,"3.5325E-01","a",125,"3.7361E+01",1.039,1.8211,2.8601,4.8253,0.2566,5.0819,47188,2509.4,49697,4.1935,4.4165,0.038602,0.008312,0.046914,0.040655,0.022881,0.063536,377.5,397.58,0.033548,0.82283,0.63988,8046.6,6257.5
"daintree","mt baldy","solmau",2,"simple",6.25,11250,0.0001023,0.22922,"3.5325E-01","e",1000,"#VALUE!",24.543,9.9371,34.48,11.063,22.02,33.083,108190,215340,323530,9.6147,28.751,0.011063,0.024543,0.035607,0.033083,0.03448,0.067563,108.19,323.53,0.0096147,0.31071,0.48966,3038.5,4788.5
"daintree","mt edith","solmau",3,"simple",5.09,6595,9.852e-05,0.35338,"3.9904E-01","0",0,"1.9627E+01",0,0,0,0,0,0,0,0,0,0,0,NA,NA,NA,NA,NA,NA,NA,NA,NA,NA,NA,NA,NA
"daintree","mt edith","solmau",3,"simple",5.09,6595,9.852e-05,0.35338,"3.9904E-01","a",110,"2.1630E+01",0.8443,0,0.8443,3.9003,0,3.9003,39587,0,39587,6.0026,6.0026,0.035457,0.0076755,0.043133,0.035457,0.0076755,0.043133,359.88,359.88,0.054569,0.82205,0.82205,8343.6,8343.6
"daintree","mt edith","solmau",3,"simple",5.09,6595,9.852e-05,0.35338,"3.9904E-01","e",1000,"1.5551E+02",32.14,24.089,56.229,3.9003,13.918,17.819,39587,141270,180860,6.0026,27.423,0.0039003,0.03214,0.036041,0.017819,0.056229,0.074048,39.587,180.86,0.0060026,0.10822,0.24064,1098.4,2442.4
"daintree","crane","syzgus",1,"simple",NA,3822,0.0001658,0.39836,"4.7900E-01","0",0,"4.0055E+00",0,0,0,0,0,0,0,0,0,0,0,NA,NA,NA,NA,NA,NA,NA,NA,NA,NA,NA,NA,NA
"daintree","crane","syzgus",1,"simple",NA,3822,0.0001658,0.39836,"4.7900E-01","a",125,"1.1922E+01",0.5501,0,0.5501,5.0315,0,5.0315,30345,0,30345,7.9395,7.9395,0.040252,0.0044008,0.044653,0.040252,0.0044008,0.044653,242.76,242.76,0.063516,0.90144,0.90144,5436.5,5436.5
"daintree","crane","syzgus",1,"simple",NA,3822,0.0001658,0.39836,"4.7900E-01","e",1000,"1.3475E+02",36.533,28.872,65.405,34.382,87.804,122.19,207350,529540,736890,54.253,192.8,0.034382,0.036533,0.070914,0.12219,0.065405,0.18759,207.35,736.89,0.054253,0.48484,0.65134,2924,3928.2
"daintree","crane","syzgus",2,"simple",NA,3410,0.0001755,0.41647,"4.9741E-01","0",0,"4.5396E+00",0,0,0,0,0,0,0,0,0,0,0,NA,NA,NA,NA,NA,NA,NA,NA,NA,NA,NA,NA,NA
"daintree","crane","syzgus",2,"simple",NA,3410,0.0001755,0.41647,"4.9741E-01","a",230,"9.8960E+00",0.7758,0.2553,1.0311,3.954,1.1123,5.0663,22528,6337.3,28865,6.6073,8.4661,0.017191,0.003373,0.020564,0.022027,0.004483,0.02651,97.947,125.5,0.028728,0.83598,0.8309,4762.9,4734
"daintree","crane","syzgus",2,"simple",NA,3410,0.0001755,0.41647,"4.9741E-01","e",1000,"1.9836E+02",40.272,72.718,112.99,10.139,179.26,189.4,57769,1021300,1079100,16.943,316.49,0.010139,0.040272,0.050412,0.1894,0.11299,0.30239,57.769,1079.1,0.016943,0.20113,0.62634,1145.9,3568.5
"daintree","crane","syzgus",3,"simple",NA,3537,0.0001589,0.42972,"5.0010E-01","0",0,"5.5135E+00",0,0,0,0,0,0,0,0,0,0,0,NA,NA,NA,NA,NA,NA,NA,NA,NA,NA,NA,NA,NA
"daintree","crane","syzgus",3,"simple",NA,3537,0.0001589,0.42972,"5.0010E-01","a",340,"1.9635E+01",2.4563,0,2.4563,4.7533,0,4.7533,29921,0,29921,8.459,8.459,0.01398,0.0072244,0.021205,0.01398,0.0072244,0.021205,88.004,88.004,0.024879,0.6593,0.6593,4150.2,4150.2
"daintree","crane","syzgus",3,"simple",NA,3537,0.0001589,0.42972,"5.0010E-01","e",1000,"2.0087E+02",39.933,67.457,107.39,7.6347,176.94,184.58,48060,1113800,1161900,13.587,328.48,0.0076347,0.039933,0.047568,0.18458,0.10739,0.29197,48.06,1161.9,0.013587,0.1605,0.63218,1010.3,3979.5
"daintree","crane","syzsay",1,"simple",NA,3939,0.0001421,0.48201,"4.8485E-01","0",0,"1.0367E+00",0,0,0,0,0,0,0,0,0,0,0,NA,NA,NA,NA,NA,NA,NA,NA,NA,NA,NA,NA,NA
"daintree","crane","syzsay",1,"simple",NA,3939,0.0001421,0.48201,"4.8485E-01","a",90,"2.9845E+00",2.6848,0,2.6848,3.3525,0,3.3525,23585,0,23585,5.9879,5.9879,0.03725,0.029831,0.067081,0.03725,0.029831,0.067081,262.06,262.06,0.066533,0.5553,0.5553,3906.5,3906.5
"daintree","crane","syzsay",1,"simple",NA,3939,0.0001421,0.48201,"4.8485E-01","e",1000,"2.7907E+02",58.015,116.1,174.11,9.793,217.83,227.62,68894,1532400,1601300,17.491,406.56,0.009793,0.058015,0.067808,0.22762,0.17411,0.40173,68.894,1601.3,0.017491,0.14442,0.5666,1016,3986.1
"daintree","crane","syzsay",2,"simple",NA,2078,0.000132,0.49289,"4.8673E-01","0",0,"1.8378E+00",0,0,0,0,0,0,0,0,0,0,0,NA,NA,NA,NA,NA,NA,NA,NA,NA,NA,NA,NA,NA
"daintree","crane","syzsay",2,"simple",NA,2078,0.000132,0.49289,"4.8673E-01","a",190,"6.3774E+00",0.4052,0,0.4052,1.9015,0,1.9015,14406,0,14406,6.9339,6.9339,0.010008,0.0021326,0.012141,0.010008,0.0021326,0.012141,75.819,75.819,0.036494,0.82434,0.82434,6245.1,6245.1
"daintree","crane","syzsay",2,"simple",NA,2078,0.000132,0.49289,"4.8673E-01","e",1000,"1.2568E+02",27.251,46.489,73.74,3.9903,113.99,117.98,30230,863580,893810,14.551,430.22,0.0039903,0.027251,0.031242,0.11798,0.07374,0.19172,30.23,893.81,0.014551,0.12772,0.61538,967.63,4662
"daintree","crane","syzsay",3,"simple",NA,1919,0.0001177,0.44689,"4.6224E-01","0",0,"2.7096E+00",0,0,0,0,0,0,0,0,0,0,0,NA,NA,NA,NA,NA,NA,NA,NA,NA,NA,NA,NA,NA
"daintree","crane","syzsay",3,"simple",NA,1919,0.0001177,0.44689,"4.6224E-01","a",180,"6.1575E+00",1.111,0.0132,1.1242,1.0254,0.2154,1.2408,8713.9,1830.5,10544,4.5412,5.4951,0.0056967,0.0061722,0.011869,0.0068933,0.0062456,0.013139,48.411,58.58,0.025229,0.47997,0.52465,4078.8,4458.5
"daintree","crane","syzsay",3,"simple",NA,1919,0.0001177,0.44689,"4.6224E-01","e",1000,"2.0735E+02",43.977,83.284,127.26,1.4144,176.32,177.74,12020,1498400,1510400,6.264,787.14,0.0014144,0.043977,0.045392,0.17774,0.12726,0.305,12.02,1510.4,0.006264,0.03116,0.58275,264.8,4952.2
"daintree","oliver","treasp",1,"simple",NA,1254,4.732e-05,0.29736,"3.6518E-01","0",0,"2.9688E+00",0,0,0,0,0,0,0,0,0,0,0,NA,NA,NA,NA,NA,NA,NA,NA,NA,NA,NA,NA,NA
"daintree","oliver","treasp",1,"simple",NA,1254,4.732e-05,0.29736,"3.6518E-01","a",150,"6.1575E+00",0.1752,0.1438,0.319,0.2748,0.6407,0.9155,5807.9,13541,19349,4.6325,15.433,0.001832,0.001168,0.003,0.0061033,0.0021267,0.00823,38.719,128.99,0.030883,0.61067,0.7416,12906,15674
"daintree","oliver","treasp",1,"simple",NA,1254,4.732e-05,0.29736,"3.6518E-01","e",1000,"1.0843E+02",14.779,20.671,35.45,0.7428,27.857,28.6,15699,588750,604450,12.522,482.12,0.0007428,0.014779,0.015522,0.0286,0.03545,0.06405,15.699,604.45,0.012522,0.047855,0.44652,1011.4,9437.1
"daintree","cape","treasp",2,"simple",5.69,2101,5.064e-05,0.3225,"3.3677E-01","0",0,"8.6394E-01",0,0,0,0,0,0,0,0,0,0,0,NA,NA,NA,NA,NA,NA,NA,NA,NA,NA,NA,NA,NA
"daintree","cape","treasp",2,"simple",5.69,2101,5.064e-05,0.3225,"3.3677E-01","a",180,"5.5135E+00",0.2003,0.1389,0.3392,0.1442,0.6124,0.7566,2847.4,12093,14940,1.3553,7.1109,0.00080111,0.0011128,0.0019139,0.0042033,0.0018844,0.0060878,15.819,83,0.0075292,0.41858,0.69045,8265.3,13634
"daintree","cape","treasp",2,"simple",5.69,2101,5.064e-05,0.3225,"3.3677E-01","e",1000,"1.0433E+02",13.548,17.797,31.346,0.9697,39.426,40.396,19148,778520,797670,9.1137,379.66,0.0009697,0.013548,0.014518,0.040396,0.031346,0.071742,19.148,797.67,0.0091137,0.066793,0.56308,1318.9,11119
"daintree","cape","treasp",3,"simple",5.31,2858,6.212e-05,0.30086,"3.5337E-01","0",0,"3.8013E+00",0,0,0,0,0,0,0,0,0,0,0,NA,NA,NA,NA,NA,NA,NA,NA,NA,NA,NA,NA,NA
"daintree","cape","treasp",3,"simple",5.31,2858,6.212e-05,0.30086,"3.5337E-01","a",160,"5.7256E+00",0.2517,0.1161,0.3678,0.5125,0.1252,0.6377,8250,2015.4,10265,2.8862,3.5913,0.0032031,0.0015731,0.0047763,0.0039856,0.0022988,0.0062844,51.563,64.159,0.018039,0.67064,0.63421,10796,10209
"daintree","cape","treasp",3,"simple",5.31,2858,6.212e-05,0.30086,"3.5337E-01","e",1000,"6.7152E+01",10.189,5.2767,15.465,2.5832,16.396,18.979,41583,263930,305520,14.548,106.88,0.0025832,0.010189,0.012772,0.018979,0.015465,0.034445,41.583,305.52,0.014548,0.20226,0.55101,3255.8,8869.9
